Planet,mass,radius,density,g,ve,a,Tsurf,Teq,ESIi,ESIs,ESIg
GJ 581g,3.1,1.36,1.22,1.67,1.51,0.15,278,248,0.901,0.877,0.889
701.03,6.935,1.7,1.41,2.4,2.02,0.45,292,262,0.83,0.849,0.84
326.01,0.709,0.9,0.97,0.87,0.89,0.05,362,332,0.977,0.699,0.826
1026.01,8.544,1.8,1.46,2.64,2.18,0.33,272,242,0.812,0.784,0.798
854.01,10.408,1.9,1.52,2.88,2.34,0.22,278,248,0.794,0.795,0.795
1361.01,6.655,2.2,0.62,1.37,1.74,0.24,309,279,0.759,0.811,0.784
268.01,8.544,1.8,1.46,2.64,2.18,0.41,325,295,0.812,0.715,0.762
87.01,8.203,2.4,0.59,1.42,1.85,0.88,312,282,0.733,0.789,0.76
812.03,5.951,2.1,0.64,1.35,1.68,0.21,331,301,0.773,0.738,0.755
1503.01,10.888,2.7,0.55,1.49,2.01,0.54,272,242,0.699,0.8,0.747
GJ 581d,5.6,1.6,1.36,2.18,1.87,0.22,232,202,0.849,0.643,0.739
GJ 581c,5.6,1.6,1.36,2.18,1.87,0.07,380,350,0.849,0.583,0.703
364.01,9.943,2.6,0.57,1.47,1.96,0.62,343,313,0.71,0.676,0.693
536.01,14.026,3,0.52,1.56,2.16,0.59,326,296,0.668,0.713,0.69
555.02,7.405,2.3,0.61,1.4,1.79,0.38,361,331,0.746,0.638,0.69
HD 69830d,18.434,3.36,0.49,1.63,2.34,0.63,312,282,0.636,0.747,0.689
1099.01,23.22,3.7,0.46,1.7,2.51,0.57,274,244,0.61,0.766,0.684
70.03,12.55,2,1.57,3.14,2.51,0.35,363,333,0.778,0.584,0.674
416.02,11.882,2.8,0.54,1.52,2.06,0.38,347,317,0.688,0.657,0.672
314.02,5.559,1.6,1.36,2.17,1.86,0.13,406,376,0.849,0.524,0.667
1472.01,21.74,3.6,0.47,1.68,2.46,0.37,325,295,0.617,0.694,0.655
1429.01,31.492,4.2,0.43,1.79,2.74,0.69,306,276,0.576,0.738,0.652
817.01,5.951,2.1,0.64,1.35,1.68,0.13,400,370,0.773,0.55,0.652
1423.01,33.324,4.3,0.42,1.8,2.78,0.47,304,274,0.57,0.741,0.65
683.01,31.492,4.2,0.43,1.79,2.74,0.84,269,239,0.576,0.729,0.648
711.03,9.943,2.6,0.57,1.47,1.96,0.49,375,345,0.71,0.589,0.647
365.01,7.405,2.3,0.61,1.4,1.79,0.37,393,363,0.746,0.558,0.645
1168.01,26.353,3.9,0.44,1.73,2.6,1.22,321,291,0.596,0.697,0.644
174.01,9.049,2.5,0.58,1.45,1.9,0.27,385,355,0.721,0.569,0.64
465.01,43.411,4.8,0.39,1.88,3.01,1,296,266,0.542,0.755,0.639
1355.01,11.882,2.8,0.54,1.52,2.06,0.27,372,342,0.688,0.589,0.637
1582.01,37.172,4.5,0.41,1.84,2.88,0.63,270,240,0.558,0.724,0.636
952.03,8.203,2.4,0.59,1.42,1.85,0.12,395,365,0.733,0.549,0.635
1596.02,20.317,3.5,0.47,1.66,2.41,0.42,346,316,0.625,0.635,0.63
947.01,10.888,2.7,0.55,1.49,2.01,0.15,383,353,0.699,0.566,0.629
899.03,6.935,1.7,1.41,2.4,2.02,0.09,427,397,0.83,0.474,0.627
494.01,8.544,1.8,1.46,2.64,2.18,0.16,418,388,0.812,0.482,0.625
518.02,10.408,1.9,1.52,2.88,2.34,0.23,417,387,0.794,0.476,0.615
55 Cncf,45.768,4.91,0.39,1.9,3.06,0.78,310,280,0.536,0.703,0.614
446.02,6.935,1.7,1.41,2.4,2.02,0.16,441,411,0.83,0.449,0.61
504.01,6.935,1.7,1.41,2.4,2.02,0.23,441,411,0.83,0.449,0.61
1591.01,4.392,1.5,1.3,1.95,1.71,0.13,464,434,0.87,0.427,0.61
812.02,6.655,2.2,0.62,1.37,1.74,0.12,428,398,0.759,0.488,0.609
1175.01,0.709,0.9,0.97,0.87,0.89,0.2,523,493,0.977,0.377,0.607
881.02,26.353,3.9,0.44,1.73,2.6,0.69,238,208,0.596,0.616,0.606
331.01,1.416,1.1,1.06,1.17,1.13,0.13,524,494,0.97,0.375,0.603
486.01,3.414,1.4,1.24,1.74,1.56,0.15,484,454,0.892,0.405,0.601
718.03,4.392,1.5,1.3,1.95,1.71,0.26,473,443,0.87,0.413,0.6
902.01,65.615,5.7,0.35,2.02,3.39,0.32,300,270,0.499,0.717,0.598
1199.01,10.888,2.7,0.55,1.49,2.01,0.26,409,379,0.699,0.509,0.596
935.03,9.049,2.5,0.58,1.45,1.9,0.4,421,391,0.721,0.492,0.595
111.04,9.049,2.5,0.58,1.45,1.9,0.44,421,391,0.721,0.492,0.595
1564.01,15.176,3.1,0.51,1.58,2.21,0.28,390,360,0.659,0.538,0.595
717.01,0.709,0.9,0.97,0.87,0.89,0.11,540,510,0.977,0.356,0.589
1301.02,7.405,2.3,0.61,1.4,1.79,0.21,439,409,0.746,0.465,0.589
157.05,16.38,3.2,0.5,1.6,2.26,0.48,391,361,0.65,0.533,0.588
1372.01,6.655,2.2,0.62,1.37,1.74,0.34,446,416,0.759,0.456,0.588
1478.01,23.22,3.7,0.46,1.7,2.51,0.35,371,341,0.61,0.565,0.587
270.02,1,1,1,1,1,0.2,559,529,1,0.341,0.584
61 Vird,22.884,3.68,0.46,1.69,2.5,0.48,375,345,0.612,0.555,0.583
663.02,6.935,1.7,1.41,2.4,2.02,0.12,466,436,0.83,0.408,0.582
223.02,8.203,2.4,0.59,1.42,1.85,0.23,440,410,0.733,0.46,0.581
374.01,17.637,3.3,0.49,1.62,2.31,0.63,395,365,0.641,0.521,0.578
682.01,45.617,4.9,0.39,1.9,3.05,0.59,337,307,0.536,0.622,0.578
448.02,24.758,3.8,0.45,1.71,2.55,0.21,376,346,0.603,0.55,0.576
139.01,65.615,5.7,0.35,2.02,3.39,0.74,318,288,0.499,0.659,0.574
51.01,43.411,4.8,0.39,1.88,3.01,0.06,344,314,0.542,0.605,0.573
247.01,5.951,2.1,0.64,1.35,1.68,0.09,467,437,0.773,0.424,0.573
1439.01,29.719,4.1,0.43,1.77,2.69,2.23,225,195,0.582,0.56,0.571
260.02,6.655,2.2,0.62,1.37,1.74,0.43,464,434,0.759,0.426,0.568
1276.01,4.392,1.5,1.3,1.95,1.71,0.15,504,474,0.87,0.37,0.567
784.01,7.405,2.3,0.61,1.4,1.79,0.12,459,429,0.746,0.431,0.567
252.01,10.888,2.7,0.55,1.49,2.01,0.1,436,406,0.699,0.458,0.566
1360.01,10.888,2.7,0.55,1.49,2.01,0.21,438,408,0.699,0.455,0.563
1435.01,6.935,1.7,1.41,2.4,2.02,0.23,484,454,0.83,0.382,0.563
1302.01,8.203,2.4,0.59,1.42,1.85,0.29,457,427,0.733,0.431,0.562
560.01,8.544,1.8,1.46,2.64,2.18,0.15,475,445,0.812,0.388,0.561
898.03,9.049,2.5,0.58,1.45,1.9,0.12,454,424,0.721,0.433,0.559
1146.01,2.605,1.3,1.19,1.54,1.42,0.06,542,512,0.916,0.338,0.556
1281.01,12.55,2,1.57,3.14,2.51,0.27,461,431,0.778,0.395,0.554
757.02,17.637,3.3,0.49,1.62,2.31,0.22,417,387,0.641,0.477,0.553
775.01,5.951,2.1,0.64,1.35,1.68,0.1,488,458,0.773,0.393,0.551
842.02,15.176,3.1,0.51,1.58,2.21,0.2,429,399,0.659,0.46,0.551
148.03,12.55,2,1.57,3.14,2.51,0.23,465,435,0.778,0.389,0.55
814.01,8.544,1.8,1.46,2.64,2.18,0.15,486,456,0.812,0.373,0.55
584.02,4.392,1.5,1.3,1.95,1.71,0.15,522,492,0.87,0.347,0.55
314.01,10.408,1.9,1.52,2.88,2.34,0.09,476,446,0.794,0.38,0.549
291.01,4.392,1.5,1.3,1.95,1.71,0.2,525,495,0.87,0.344,0.547
1508.01,5.559,1.6,1.36,2.17,1.86,0.15,513,483,0.849,0.351,0.546
835.01,5.559,1.6,1.36,2.17,1.86,0.09,515,485,0.849,0.349,0.544
904.02,14.026,3,0.52,1.56,2.16,0.16,440,410,0.668,0.443,0.544
1192.01,29.719,4.1,0.43,1.77,2.69,0.49,392,362,0.582,0.508,0.544
1328.01,43.411,4.8,0.39,1.88,3.01,0.36,368,338,0.542,0.546,0.544
1422.02,12.928,2.9,0.53,1.54,2.11,0.12,446,416,0.678,0.436,0.543
865.01,74.226,6,0.34,2.06,3.52,0.47,336,306,0.487,0.602,0.541
1403.01,12.55,2,1.57,3.14,2.51,0.12,474,444,0.778,0.376,0.541
1527.01,45.617,4.9,0.39,1.9,3.05,0.67,367,337,0.536,0.546,0.541
528.02,18.949,3.4,0.48,1.64,2.36,0.42,426,396,0.633,0.458,0.539
1162.01,26.353,3.9,0.44,1.73,2.6,0.59,405,375,0.596,0.486,0.538
351.02,74.226,6,0.34,2.06,3.52,0.71,339,309,0.487,0.594,0.538
255.01,21.74,3.6,0.47,1.68,2.46,0.15,418,388,0.617,0.468,0.538
993.01,3.414,1.4,1.24,1.74,1.56,0.15,549,519,0.892,0.323,0.537
222.02,6.935,1.7,1.41,2.4,2.02,0.09,512,482,0.83,0.346,0.536
884.02,10.888,2.7,0.55,1.49,2.01,0.14,466,436,0.699,0.409,0.535
736.01,9.943,2.6,0.57,1.47,1.96,0.12,472,442,0.71,0.403,0.534
564.02,47.887,5,0.38,1.92,3.1,0.51,370,340,0.531,0.537,0.534
1486.01,171.467,8.5,0.28,2.37,4.49,0.8,286,256,0.41,0.696,0.534
1506.01,7.405,2.3,0.61,1.4,1.79,0.23,492,462,0.746,0.382,0.534
303.01,12.928,2.9,0.53,1.54,2.11,0.31,456,426,0.678,0.42,0.533
773.01,5.951,2.1,0.64,1.35,1.68,0.23,507,477,0.773,0.367,0.533
GJ 581e,1.7,1.16,1.1,1.27,1.21,0.03,591,561,0.954,0.297,0.532
463.01,20.317,3.5,0.47,1.66,2.41,0.11,428,398,0.625,0.452,0.532
373.01,20.317,3.5,0.47,1.66,2.41,0.53,430,400,0.625,0.449,0.53
HIP 57050b,94.714,6.64,0.32,2.15,3.78,0.16,250,220,0.464,0.602,0.528
245.01,5.951,2.1,0.64,1.35,1.68,0.21,512,482,0.773,0.361,0.528
920.01,10.408,1.9,1.52,2.88,2.34,0.15,499,469,0.794,0.35,0.527
113.01,161.928,8.3,0.28,2.35,4.42,0.89,299,269,0.415,0.67,0.527
351.01,171.467,8.5,0.28,2.37,4.49,0.97,296,266,0.41,0.676,0.526
1329.01,9.049,2.5,0.58,1.45,1.9,0.2,487,457,0.721,0.384,0.526
351.03,10.408,1.9,1.52,2.88,2.34,0.31,501,471,0.794,0.347,0.525
571.02,12.55,2,1.57,3.14,2.51,0.09,491,461,0.778,0.354,0.525
881.01,9.049,2.5,0.58,1.45,1.9,0.14,489,459,0.721,0.381,0.524
722.01,8.544,1.8,1.46,2.64,2.18,0.26,515,485,0.812,0.337,0.523
1279.01,1.416,1.1,1.06,1.17,1.13,0.12,614,584,0.97,0.28,0.521
227.01,12.928,2.9,0.53,1.54,2.11,0.11,470,440,0.678,0.398,0.52
1208.01,107.519,7,0.31,2.19,3.92,0.91,331,301,0.452,0.597,0.519
750.01,9.943,2.6,0.57,1.47,1.96,0.14,488,458,0.71,0.38,0.519
72.02,7.405,2.3,0.61,1.4,1.79,0.25,508,478,0.746,0.361,0.519
1574.01,68.417,5.8,0.35,2.03,3.44,0.47,361,331,0.495,0.543,0.518
1598.01,14.026,3,0.52,1.56,2.16,0.29,467,437,0.668,0.4,0.517
1408.01,8.544,1.8,1.46,2.64,2.18,0.1,522,492,0.812,0.328,0.516
1085.01,1.945,1.2,1.13,1.35,1.27,0.06,603,573,0.942,0.283,0.516
99.01,39.189,4.6,0.4,1.85,2.92,1.69,207,177,0.552,0.48,0.515
409.01,3.414,1.4,1.24,1.74,1.56,0.11,575,545,0.892,0.297,0.515
157.04,6.655,2.2,0.62,1.37,1.74,0.26,521,491,0.759,0.347,0.513
590.02,6.655,2.2,0.62,1.37,1.74,0.28,522,492,0.759,0.346,0.512
393.01,1.945,1.2,1.13,1.35,1.27,0.15,608,578,0.942,0.279,0.512
899.01,6.935,1.7,1.41,2.4,2.02,0.06,540,510,0.83,0.315,0.511
790.01,3.414,1.4,1.24,1.74,1.56,0.08,581,551,0.892,0.291,0.51
1480.01,9.049,2.5,0.58,1.45,1.9,0.14,505,475,0.721,0.36,0.509
701.01,6.655,2.2,0.62,1.37,1.74,0.13,526,496,0.759,0.341,0.509
1113.02,11.882,2.8,0.54,1.52,2.06,0.39,488,458,0.688,0.375,0.508
446.01,7.405,2.3,0.61,1.4,1.79,0.12,520,490,0.746,0.346,0.508
610.01,12.55,2,1.57,3.14,2.51,0.1,511,481,0.778,0.33,0.507
1535.01,8.203,2.4,0.59,1.42,1.85,0.35,515,485,0.733,0.35,0.506
1273.01,11.882,2.8,0.54,1.52,2.06,0.23,490,460,0.688,0.373,0.506
1433.01,6.935,1.7,1.41,2.4,2.02,0.14,546,516,0.83,0.308,0.506
241.01,6.935,1.7,1.41,2.4,2.02,0.11,546,516,0.83,0.308,0.506
954.02,9.049,2.5,0.58,1.45,1.9,0.22,509,479,0.721,0.355,0.506
974.01,4.392,1.5,1.3,1.95,1.71,0.29,572,542,0.87,0.294,0.506
75.01,33.324,4.3,0.42,1.8,2.78,0.45,421,391,0.57,0.448,0.505
481.03,14.026,3,0.52,1.56,2.16,0.2,480,450,0.668,0.382,0.505
454.01,8.203,2.4,0.59,1.42,1.85,0.18,517,487,0.733,0.347,0.505
1278.02,8.203,2.4,0.59,1.42,1.85,0.25,517,487,0.733,0.347,0.505
740.01,7.405,2.3,0.61,1.4,1.79,0.12,527,497,0.746,0.338,0.502
864.02,8.544,1.8,1.46,2.64,2.18,0.14,539,509,0.812,0.31,0.502
886.01,12.55,2,1.57,3.14,2.51,0.06,518,488,0.778,0.322,0.501
386.02,12.928,2.9,0.53,1.54,2.11,0.37,491,461,0.678,0.369,0.5
1581.01,7.405,2.3,0.61,1.4,1.79,0.19,529,499,0.746,0.335,0.5
1261.01,83.463,6.3,0.33,2.1,3.64,0.52,365,335,0.476,0.525,0.5
652.01,14.026,3,0.52,1.56,2.16,0.11,489,459,0.668,0.37,0.497
847.01,50.221,5.1,0.38,1.93,3.14,0.37,402,372,0.526,0.469,0.497
657.02,10.408,1.9,1.52,2.88,2.34,0.12,534,504,0.794,0.31,0.496
952.02,7.405,2.3,0.61,1.4,1.79,0.07,534,504,0.746,0.33,0.496
211.01,229.736,9.6,0.26,2.49,4.89,1.05,303,273,0.385,0.638,0.496
694.01,6.935,1.7,1.41,2.4,2.02,0.13,560,530,0.83,0.294,0.494
mu Arad,165.876,8.38,0.28,2.36,4.45,0.92,327,297,0.413,0.588,0.493
1378.01,2.605,1.3,1.19,1.54,1.42,0.13,620,590,0.916,0.263,0.491
1159.01,55.087,5.3,0.37,1.96,3.23,0.3,402,372,0.517,0.465,0.49
711.01,10.888,2.7,0.55,1.49,2.01,0.25,516,486,0.699,0.342,0.489
250.02,21.74,3.6,0.47,1.68,2.46,0.11,468,438,0.617,0.387,0.489
574.01,8.203,2.4,0.59,1.42,1.85,0.14,537,507,0.733,0.324,0.488
877.02,7.405,2.3,0.61,1.4,1.79,0.09,546,516,0.746,0.317,0.486
723.02,12.928,2.9,0.53,1.54,2.11,0.18,508,478,0.678,0.347,0.485
1160.01,8.544,1.8,1.46,2.64,2.18,0.1,559,529,0.812,0.29,0.485
HD 142b,327.367,11.12,0.24,2.65,5.43,1,286,256,0.357,0.657,0.484
788.01,16.38,3.2,0.5,1.6,2.26,0.17,493,463,0.65,0.36,0.484
484.01,12.55,2,1.57,3.14,2.51,0.12,539,509,0.778,0.3,0.483
430.01,10.888,2.7,0.55,1.49,2.01,0.09,523,493,0.699,0.334,0.483
1061.01,7.405,2.3,0.61,1.4,1.79,0.24,550,520,0.746,0.313,0.483
GJ 581b,15.6,3.14,0.51,1.59,2.23,0.04,499,469,0.656,0.353,0.481
806.01,196.722,9,0.27,2.43,4.68,0.53,326,296,0.398,0.581,0.481
577.01,9.943,2.6,0.57,1.47,1.96,0.23,532,502,0.71,0.326,0.481
375.01,186.376,8.8,0.27,2.41,4.6,0.73,330,300,0.403,0.573,0.48
248.02,9.049,2.5,0.58,1.45,1.9,0.08,539,509,0.721,0.32,0.48
1475.02,6.655,2.2,0.62,1.37,1.74,0.07,562,532,0.759,0.302,0.479
569.01,5.951,2.1,0.64,1.35,1.68,0.14,570,540,0.773,0.297,0.479
1275.01,17.637,3.3,0.49,1.62,2.31,0.27,496,466,0.641,0.355,0.477
1590.01,11.882,2.8,0.54,1.52,2.06,0.16,524,494,0.688,0.331,0.477
977.01,0.482,0.8,0.94,0.75,0.78,0.01,658,628,0.951,0.239,0.477
1238.01,5.951,2.1,0.64,1.35,1.68,0.18,573,543,0.773,0.294,0.477
1486.02,8.203,2.4,0.59,1.42,1.85,0.19,551,521,0.733,0.309,0.476
1014.01,10.888,2.7,0.55,1.49,2.01,0.12,532,502,0.699,0.324,0.475
937.01,7.405,2.3,0.61,1.4,1.79,0.15,560,530,0.746,0.302,0.475
945.02,9.943,2.6,0.57,1.47,1.96,0.24,540,510,0.71,0.317,0.474
271.01,12.55,2,1.57,3.14,2.51,0.27,550,520,0.778,0.289,0.474
1476.01,39.189,4.6,0.4,1.85,2.92,0.29,443,413,0.552,0.407,0.474
431.02,20.317,3.5,0.47,1.66,2.41,0.25,490,460,0.625,0.359,0.474
HD 37124b,203.412,9.13,0.27,2.44,4.72,0.53,332,302,0.395,0.564,0.472
1010.01,10.888,2.7,0.55,1.49,2.01,0.48,536,506,0.699,0.319,0.472
1518.01,6.655,2.2,0.62,1.37,1.74,0.18,571,541,0.759,0.294,0.472
567.03,6.655,2.2,0.62,1.37,1.74,0.19,573,543,0.759,0.292,0.471
401.02,93.338,6.6,0.32,2.14,3.76,0.59,387,357,0.465,0.474,0.47
530.01,2.605,1.3,1.19,1.54,1.42,0.1,649,619,0.916,0.241,0.47
829.03,10.888,2.7,0.55,1.49,2.01,0.23,540,510,0.699,0.315,0.469
589.01,1.945,1.2,1.13,1.35,1.27,0.13,667,637,0.942,0.233,0.469
571.01,6.935,1.7,1.41,2.4,2.02,0.06,593,563,0.83,0.265,0.469
273.01,1.416,1.1,1.06,1.17,1.13,0.09,685,655,0.97,0.226,0.468
1521.01,8.203,2.4,0.59,1.42,1.85,0.17,562,532,0.733,0.298,0.468
1112.01,6.655,2.2,0.62,1.37,1.74,0.23,577,547,0.759,0.288,0.468
921.02,10.888,2.7,0.55,1.49,2.01,0.13,542,512,0.699,0.313,0.467
165.01,10.408,1.9,1.52,2.88,2.34,0.1,571,541,0.794,0.274,0.467
1595.01,12.928,2.9,0.53,1.54,2.11,0.23,532,502,0.678,0.32,0.466
912.01,9.943,2.6,0.57,1.47,1.96,0.08,551,521,0.71,0.305,0.466
HD 96167b,216.126,9.36,0.26,2.47,4.81,1.3,334,304,0.39,0.555,0.465
734.01,8.203,2.4,0.59,1.42,1.85,0.17,565,535,0.733,0.295,0.465
986.01,2.605,1.3,1.19,1.54,1.42,0.08,656,626,0.916,0.236,0.465
752.02,18.949,3.4,0.48,1.64,2.36,0.29,506,476,0.633,0.341,0.464
387.01,9.049,2.5,0.58,1.45,1.9,0.1,564,534,0.721,0.294,0.461
HD 108874b,432.251,12.49,0.22,2.77,5.89,1.05,294,264,0.336,0.632,0.46
624.01,5.951,2.1,0.64,1.35,1.68,0.13,595,565,0.773,0.274,0.46
GJ 581f,7,2.16,0.7,1.51,1.8,0.76,139,109,0.79,0.267,0.459
HD 210277b,390.933,11.98,0.23,2.73,5.72,1.1,275,245,0.343,0.614,0.459
HD 147513b,317.832,10.99,0.24,2.63,5.38,1.26,263,233,0.359,0.586,0.459
1404.01,4.392,1.5,1.3,1.95,1.71,0.06,633,603,0.87,0.243,0.459
733.02,10.408,1.9,1.52,2.88,2.34,0.09,581,551,0.794,0.265,0.459
1609.01,7.405,2.3,0.61,1.4,1.79,0.24,581,551,0.746,0.282,0.459
1258.01,31.492,4.2,0.43,1.79,2.74,0.21,476,446,0.576,0.365,0.459
1307.01,14.026,3,0.52,1.56,2.16,0.25,535,505,0.668,0.315,0.459
HD 69830c,12.078,2.82,0.54,1.52,2.07,0.19,549,519,0.686,0.304,0.457
935.02,16.38,3.2,0.5,1.6,2.26,0.25,526,496,0.65,0.321,0.457
542.01,10.888,2.7,0.55,1.49,2.01,0.24,556,526,0.699,0.299,0.457
HD 188015b,400.468,12.1,0.23,2.74,5.76,1.19,274,244,0.341,0.608,0.456
1266.01,12.55,2,1.57,3.14,2.51,0.09,573,543,0.778,0.268,0.456
718.02,8.544,1.8,1.46,2.64,2.18,0.16,597,567,0.812,0.257,0.456
119.01,26.353,3.9,0.44,1.73,2.6,0.26,492,462,0.596,0.349,0.456
1360.02,7.405,2.3,0.61,1.4,1.79,0.11,585,555,0.746,0.279,0.456
226.01,5.559,1.6,1.36,2.17,1.86,0.08,625,595,0.849,0.244,0.455
806.03,15.176,3.1,0.51,1.58,2.21,0.18,534,504,0.659,0.314,0.455
HD 142415b,514.888,13.43,0.21,2.85,6.19,1.05,288,258,0.323,0.639,0.454
294.01,6.655,2.2,0.62,1.37,1.74,0.21,595,565,0.759,0.272,0.454
1569.01,9.049,2.5,0.58,1.45,1.9,0.1,573,543,0.721,0.286,0.454
1203.01,9.049,2.5,0.58,1.45,1.9,0.2,574,544,0.721,0.285,0.453
172.01,5.559,1.6,1.36,2.17,1.86,0.11,628,598,0.849,0.242,0.453
1145.01,12.55,2,1.57,3.14,2.51,0.2,579,549,0.778,0.263,0.452
471.01,12.55,2,1.57,3.14,2.51,0.15,581,551,0.778,0.261,0.451
520.03,11.882,2.8,0.54,1.52,2.06,0.17,558,528,0.688,0.295,0.45
1311.01,18.949,3.4,0.48,1.64,2.36,0.39,524,494,0.633,0.32,0.45
547.01,20.317,3.5,0.47,1.66,2.41,0.16,519,489,0.625,0.324,0.45
415.01,135.203,7.7,0.3,2.28,4.19,0.61,382,352,0.431,0.47,0.45
191.04,4.392,1.5,1.3,1.95,1.71,0.14,647,617,0.87,0.233,0.45
448.01,7.405,2.3,0.61,1.4,1.79,0.08,594,564,0.746,0.271,0.449
501.01,5.951,2.1,0.64,1.35,1.68,0.17,610,580,0.773,0.261,0.449
1412.01,5.951,2.1,0.64,1.35,1.68,0.23,610,580,0.773,0.261,0.449
1585.01,6.655,2.2,0.62,1.37,1.74,0.14,603,573,0.759,0.265,0.449
HD 114729b,260.622,10.12,0.25,2.55,5.08,2.08,245,215,0.375,0.537,0.448
HD 82943b,556.206,13.87,0.21,2.89,6.34,1.19,287,257,0.318,0.631,0.448
1268.01,176.356,8.6,0.28,2.38,4.53,0.67,366,336,0.407,0.492,0.448
1210.01,1.945,1.2,1.13,1.35,1.27,0.12,703,673,0.942,0.21,0.445
433.02,512.137,13.4,0.21,2.85,6.18,0.94,279,249,0.323,0.612,0.445
250.01,21.74,3.6,0.47,1.68,2.46,0.09,521,491,0.617,0.32,0.445
HD 34445b,251.087,9.96,0.25,2.53,5.02,2.07,240,210,0.378,0.522,0.444
HD 216435b,400.468,12.1,0.23,2.74,5.76,2.56,264,234,0.341,0.577,0.444
1489.01,8.203,2.4,0.59,1.42,1.85,0.12,594,564,0.733,0.269,0.444
408.03,9.943,2.6,0.57,1.47,1.96,0.2,580,550,0.71,0.278,0.444
622.01,212.855,9.3,0.26,2.46,4.79,0.57,357,327,0.391,0.503,0.444
899.02,2.605,1.3,1.19,1.54,1.42,0.03,688,658,0.916,0.215,0.444
249.01,15.176,3.1,0.51,1.58,2.21,0.07,549,519,0.659,0.299,0.444
1029.01,9.049,2.5,0.58,1.45,1.9,0.2,588,558,0.721,0.273,0.443
640.01,12.928,2.9,0.53,1.54,2.11,0.19,563,533,0.678,0.288,0.442
476.01,8.203,2.4,0.59,1.42,1.85,0.13,597,567,0.733,0.267,0.442
518.01,8.203,2.4,0.59,1.42,1.85,0.11,597,567,0.733,0.267,0.442
372.01,171.467,8.5,0.28,2.37,4.49,0.5,374,344,0.41,0.477,0.442
952.01,7.405,2.3,0.61,1.4,1.79,0.05,605,575,0.746,0.262,0.442
759.01,21.74,3.6,0.47,1.68,2.46,0.2,525,495,0.617,0.316,0.441
61 Virc,18.212,3.34,0.49,1.63,2.33,0.22,541,511,0.638,0.303,0.44
1522.01,9.049,2.5,0.58,1.45,1.9,0.21,592,562,0.721,0.269,0.44
1430.01,7.405,2.3,0.61,1.4,1.79,0.08,607,577,0.746,0.26,0.44
118.01,8.544,1.8,1.46,2.64,2.18,0.17,620,590,0.812,0.239,0.44
479.01,16.38,3.2,0.5,1.6,2.26,0.21,548,518,0.65,0.298,0.44
416.01,12.928,2.9,0.53,1.54,2.11,0.13,566,536,0.678,0.286,0.44
592.01,10.888,2.7,0.55,1.49,2.01,0.23,580,550,0.699,0.276,0.439
522.01,10.408,1.9,1.52,2.88,2.34,0.11,610,580,0.794,0.242,0.439
924.01,15.176,3.1,0.51,1.58,2.21,0.23,556,526,0.659,0.292,0.439
901.01,35.218,4.4,0.41,1.82,2.83,0.09,493,463,0.564,0.341,0.438
709.01,6.655,2.2,0.62,1.37,1.74,0.15,618,588,0.759,0.253,0.438
1520.01,5.951,2.1,0.64,1.35,1.68,0.14,627,597,0.773,0.248,0.438
HD 3651b,63.566,5.63,0.36,2.01,3.36,0.28,450,420,0.502,0.381,0.437
666.01,12.55,2,1.57,3.14,2.51,0.16,600,570,0.778,0.246,0.437
633.01,57.618,5.4,0.37,1.98,3.27,0.61,458,428,0.512,0.373,0.437
298.01,6.935,1.7,1.41,2.4,2.02,0.14,640,610,0.83,0.229,0.436
1218.01,6.655,2.2,0.62,1.37,1.74,0.19,623,593,0.759,0.249,0.435
679.01,8.544,1.8,1.46,2.64,2.18,0.2,628,598,0.812,0.233,0.435
566.01,7.405,2.3,0.61,1.4,1.79,0.17,616,586,0.746,0.253,0.434
638.02,29.719,4.1,0.43,1.77,2.69,0.33,512,482,0.582,0.323,0.434
1301.01,10.408,1.9,1.52,2.88,2.34,0.1,618,588,0.794,0.236,0.433
898.01,14.026,3,0.52,1.56,2.16,0.07,570,540,0.668,0.28,0.433
612.02,21.74,3.6,0.47,1.68,2.46,0.26,537,507,0.617,0.303,0.433
HD 11964c,193.877,8.95,0.27,2.42,4.66,3.34,221,191,0.399,0.468,0.432
1366.01,8.203,2.4,0.59,1.42,1.85,0.14,612,582,0.733,0.254,0.432
503.01,9.049,2.5,0.58,1.45,1.9,0.07,605,575,0.721,0.258,0.432
853.02,5.951,2.1,0.64,1.35,1.68,0.11,637,607,0.773,0.241,0.431
1477.01,218.398,9.4,0.26,2.47,4.82,1.04,225,195,0.389,0.478,0.431
276.01,9.943,2.6,0.57,1.47,1.96,0.24,599,569,0.71,0.262,0.431
513.01,10.888,2.7,0.55,1.49,2.01,0.22,593,563,0.699,0.265,0.43
869.02,33.324,4.3,0.42,1.8,2.78,0.21,508,478,0.57,0.324,0.43
584.01,5.559,1.6,1.36,2.17,1.86,0.09,663,633,0.849,0.218,0.43
704.01,6.935,1.7,1.41,2.4,2.02,0.14,649,619,0.83,0.223,0.43
337.01,5.559,1.6,1.36,2.17,1.86,0.15,666,636,0.849,0.216,0.428
641.01,16.38,3.2,0.5,1.6,2.26,0.1,565,535,0.65,0.282,0.428
1242.01,83.463,6.3,0.33,2.1,3.64,0.44,442,412,0.476,0.385,0.428
936.01,20.317,3.5,0.47,1.66,2.41,0.07,549,519,0.625,0.293,0.428
222.01,5.951,2.1,0.64,1.35,1.68,0.06,643,613,0.773,0.236,0.427
841.02,45.617,4.9,0.39,1.9,3.05,0.19,488,458,0.536,0.34,0.427
775.02,9.049,2.5,0.58,1.45,1.9,0.07,612,582,0.721,0.253,0.427
942.01,9.049,2.5,0.58,1.45,1.9,0.1,612,582,0.721,0.253,0.427
HD 4203b,657.912,14.87,0.2,2.97,6.65,1.16,299,269,0.306,0.594,0.426
HD 30562b,410.003,12.22,0.22,2.75,5.8,2.3,251,221,0.34,0.534,0.426
693.01,8.544,1.8,1.46,2.64,2.18,0.19,641,611,0.812,0.224,0.426
1170.01,3.414,1.4,1.24,1.74,1.56,0.07,700,670,0.892,0.203,0.426
875.01,6.655,2.2,0.62,1.37,1.74,0.04,637,607,0.759,0.239,0.426
1108.01,3.414,1.4,1.24,1.74,1.56,0.09,702,672,0.892,0.202,0.425
HD 170469b,212.947,9.3,0.26,2.46,4.79,2.24,219,189,0.391,0.459,0.424
842.01,11.882,2.8,0.54,1.52,2.06,0.1,595,565,0.688,0.262,0.424
1303.01,9.943,2.6,0.57,1.47,1.96,0.21,609,579,0.71,0.253,0.424
271.02,8.544,1.8,1.46,2.64,2.18,0.19,645,615,0.812,0.221,0.424
mu Arab,532.686,13.62,0.21,2.87,6.26,1.5,262,232,0.321,0.558,0.423
GJ 1214b,5.689,2.71,0.29,0.77,1.45,0.01,548,518,0.542,0.329,0.423
523.02,10.888,2.7,0.55,1.49,2.01,0.22,603,573,0.699,0.257,0.423
541.01,10.408,1.9,1.52,2.88,2.34,0.11,633,603,0.794,0.226,0.423
156.03,11.882,2.8,0.54,1.52,2.06,0.09,597,567,0.688,0.26,0.423
785.01,5.951,2.1,0.64,1.35,1.68,0.1,650,620,0.773,0.231,0.423
HD 216770b,206.591,9.19,0.27,2.45,4.74,0.46,383,353,0.394,0.452,0.422
952.04,1.416,1.1,1.06,1.17,1.13,0.03,760,730,0.97,0.184,0.422
719.01,10.408,1.9,1.52,2.88,2.34,0.07,635,605,0.794,0.224,0.422
270.01,0.709,0.9,0.97,0.87,0.89,0.1,765,735,0.977,0.182,0.421
945.01,12.55,2,1.57,3.14,2.51,0.17,625,595,0.778,0.227,0.421
HD 16141b,73.101,5.96,0.34,2.06,3.5,0.35,462,432,0.489,0.361,0.42
1587.01,122.885,7.4,0.3,2.24,4.08,0.27,423,393,0.439,0.401,0.42
1024.01,6.935,1.7,1.41,2.4,2.02,0.05,665,635,0.83,0.212,0.42
934.03,8.203,2.4,0.59,1.42,1.85,0.14,631,601,0.733,0.24,0.419
275.01,1.945,1.2,1.13,1.35,1.27,0.12,747,717,0.942,0.186,0.419
588.01,6.655,2.2,0.62,1.37,1.74,0.09,649,619,0.759,0.23,0.418
1517.01,17.637,3.3,0.49,1.62,2.31,0.23,574,544,0.641,0.272,0.418
837.01,8.544,1.8,1.46,2.64,2.18,0.07,655,625,0.812,0.215,0.418
HD 10647b,295.584,10.66,0.24,2.6,5.27,2.03,228,198,0.365,0.476,0.417
567.02,7.405,2.3,0.61,1.4,1.79,0.15,642,612,0.746,0.234,0.417
440.01,11.882,2.8,0.54,1.52,2.06,0.12,606,576,0.688,0.253,0.417
586.01,5.951,2.1,0.64,1.35,1.68,0.12,660,630,0.773,0.225,0.417
1201.01,3.414,1.4,1.24,1.74,1.56,0.03,716,686,0.892,0.195,0.417
kappa CrBb,572.097,14.03,0.21,2.91,6.39,2.7,319,289,0.316,0.548,0.416
884.01,14.026,3,0.52,1.56,2.16,0.08,594,564,0.668,0.259,0.416
392.01,10.408,1.9,1.52,2.88,2.34,0.21,644,614,0.794,0.218,0.416
477.01,9.943,2.6,0.57,1.47,1.96,0.12,623,593,0.71,0.243,0.415
289.01,12.55,2,1.57,3.14,2.51,0.17,634,604,0.778,0.221,0.415
468.01,20.317,3.5,0.47,1.66,2.41,0.15,568,538,0.625,0.275,0.414
598.01,6.935,1.7,1.41,2.4,2.02,0.08,674,644,0.83,0.207,0.414
921.01,7.405,2.3,0.61,1.4,1.79,0.09,648,618,0.746,0.23,0.414
HIP 14810d,181.164,8.7,0.28,2.4,4.57,1.89,206,176,0.405,0.421,0.413
1426.01,17.637,3.3,0.49,1.62,2.31,0.23,581,551,0.641,0.266,0.413
1308.01,12.55,2,1.57,3.14,2.51,0.16,637,607,0.778,0.219,0.413
1586.01,6.935,1.7,1.41,2.4,2.02,0.07,677,647,0.83,0.205,0.413
473.01,6.655,2.2,0.62,1.37,1.74,0.1,659,629,0.759,0.224,0.412
500.02,11.882,2.8,0.54,1.52,2.06,0.08,614,584,0.688,0.247,0.412
176.01,6.655,2.2,0.62,1.37,1.74,0.2,660,630,0.759,0.223,0.411
443.01,6.655,2.2,0.62,1.37,1.74,0.13,661,631,0.759,0.222,0.411
263.01,4.392,1.5,1.3,1.95,1.71,0.15,712,682,0.87,0.193,0.41
377.02,80.313,6.2,0.34,2.09,3.6,0.23,468,438,0.479,0.35,0.41
474.02,7.405,2.3,0.61,1.4,1.79,0.19,655,625,0.746,0.225,0.409
475.02,9.943,2.6,0.57,1.47,1.96,0.12,632,602,0.71,0.236,0.409
319.01,33.324,4.3,0.42,1.8,2.78,0.25,538,508,0.57,0.293,0.408
999.01,12.928,2.9,0.53,1.54,2.11,0.12,613,583,0.678,0.246,0.408
564.01,8.203,2.4,0.59,1.42,1.85,0.15,649,619,0.733,0.227,0.408
296.01,8.203,2.4,0.59,1.42,1.85,0.19,649,619,0.733,0.227,0.408
707.02,9.943,2.6,0.57,1.47,1.96,0.24,634,604,0.71,0.235,0.408
248.01,12.928,2.9,0.53,1.54,2.11,0.06,614,584,0.678,0.245,0.408
103.01,7.405,2.3,0.61,1.4,1.79,0.12,658,628,0.746,0.223,0.408
92.01,35.218,4.4,0.41,1.82,2.83,0.33,535,505,0.564,0.294,0.407
352.01,8.203,2.4,0.59,1.42,1.85,0.18,651,621,0.733,0.226,0.407
435.01,14.026,3,0.52,1.56,2.16,0.15,609,579,0.668,0.248,0.407
112.01,23.22,3.7,0.46,1.7,2.51,0.28,569,539,0.61,0.271,0.407
291.02,1,1,1,1,1,0.08,810,780,1,0.165,0.407
HD 73534b,365.507,11.65,0.23,2.7,5.6,3.15,230,200,0.348,0.474,0.406
HD 134987b,505.353,13.33,0.21,2.85,6.16,0.81,339,309,0.324,0.506,0.405
880.02,68.417,5.8,0.35,2.03,3.44,0.27,486,456,0.495,0.332,0.405
152.02,9.049,2.5,0.58,1.45,1.9,0.18,646,616,0.721,0.228,0.405
1528.01,0.482,0.8,0.94,0.75,0.78,0.05,776,746,0.951,0.172,0.405
HD 164922b,114.419,7.18,0.31,2.22,3.99,2.11,185,155,0.446,0.367,0.404
1507.01,7.405,2.3,0.61,1.4,1.79,0.15,664,634,0.746,0.219,0.404
689.01,12.55,2,1.57,3.14,2.51,0.12,652,622,0.778,0.21,0.404
864.03,8.544,1.8,1.46,2.64,2.18,0.09,678,648,0.812,0.201,0.404
1512.01,5.951,2.1,0.64,1.35,1.68,0.08,682,652,0.773,0.211,0.404
HD 153950b,867.681,16.69,0.19,3.12,7.21,1.28,304,274,0.288,0.565,0.403
736.02,12.55,2,1.57,3.14,2.51,0.06,653,623,0.778,0.209,0.403
44.01,126.915,7.5,0.3,2.26,4.12,0.3,442,412,0.436,0.372,0.403
253.01,12.928,2.9,0.53,1.54,2.11,0.05,622,592,0.678,0.239,0.403
HIP 14810c,406.825,12.18,0.23,2.74,5.78,0.55,358,328,0.34,0.475,0.402
111.02,7.405,2.3,0.61,1.4,1.79,0.17,668,638,0.746,0.216,0.402
HD 196885b,820.006,16.3,0.19,3.09,7.1,2.37,267,237,0.291,0.551,0.401
1086.01,9.049,2.5,0.58,1.45,1.9,0.18,653,623,0.721,0.223,0.401
HD 37124d,198.327,9.03,0.27,2.43,4.69,1.64,202,172,0.397,0.404,0.4
1364.01,12.928,2.9,0.53,1.54,2.11,0.15,626,596,0.678,0.236,0.4
781.01,33.324,4.3,0.42,1.8,2.78,0.08,551,521,0.57,0.28,0.4
156.01,10.408,1.9,1.52,2.88,2.34,0.07,672,642,0.794,0.201,0.4
152.01,45.617,4.9,0.39,1.9,3.05,0.28,527,497,0.536,0.297,0.399
70.01,7.405,2.3,0.61,1.4,1.79,0.09,673,643,0.746,0.213,0.399
HD 171028b,581.632,14.13,0.21,2.91,6.42,1.29,337,307,0.314,0.504,0.398
HD 208487b,143.024,7.88,0.29,2.3,4.26,0.49,440,410,0.426,0.371,0.397
HD 5319b,616.594,14.48,0.2,2.94,6.53,1.75,334,304,0.31,0.508,0.397
700.01,15.176,3.1,0.51,1.58,2.21,0.2,618,588,0.659,0.239,0.397
1298.01,23.22,3.7,0.46,1.7,2.51,0.08,584,554,0.61,0.258,0.397
1111.01,5.559,1.6,1.36,2.17,1.86,0.09,719,689,0.849,0.186,0.397
550.01,8.544,1.8,1.46,2.64,2.18,0.11,690,660,0.812,0.194,0.397
464.01,111.248,7.1,0.31,2.21,3.96,0.29,460,430,0.448,0.351,0.397
1141.01,12.55,2,1.57,3.14,2.51,0.05,664,634,0.778,0.202,0.397
HD 12661b,731.013,15.54,0.19,3.03,6.86,0.83,324,294,0.299,0.523,0.395
HD 92788b,1226.831,19.27,0.17,3.3,7.98,0.97,290,260,0.266,0.586,0.395
632.01,1.945,1.2,1.13,1.35,1.27,0.07,791,761,0.942,0.166,0.395
1022.01,11.882,2.8,0.54,1.52,2.06,0.14,642,612,0.688,0.226,0.395
HD 205739b,435.43,12.53,0.22,2.78,5.9,0.9,362,332,0.335,0.463,0.394
HD 125612b,1017.062,17.83,0.18,3.2,7.56,1.2,273,243,0.277,0.559,0.394
250.03,2.605,1.3,1.19,1.54,1.42,0.04,774,744,0.916,0.17,0.394
1599.01,9.049,2.5,0.58,1.45,1.9,0.15,666,636,0.721,0.215,0.394
HD 19994b,533.957,13.63,0.21,2.87,6.26,1.42,348,318,0.32,0.483,0.393
478.01,37.172,4.5,0.41,1.84,2.88,0.08,552,522,0.558,0.277,0.393
HD 73526c,794.579,16.09,0.19,3.07,7.03,1.05,323,293,0.293,0.521,0.391
HD 4208b,254.265,10.01,0.25,2.54,5.04,1.7,205,175,0.377,0.405,0.391
HD 9446c,578.454,14.1,0.21,2.91,6.41,0.65,346,316,0.315,0.484,0.391
1516.01,7.405,2.3,0.61,1.4,1.79,0.15,686,656,0.746,0.205,0.391
1081.01,3.414,1.4,1.24,1.74,1.56,0.09,762,732,0.892,0.172,0.391
655.01,5.951,2.1,0.64,1.35,1.68,0.18,704,674,0.773,0.198,0.391
580.01,4.392,1.5,1.3,1.95,1.71,0.07,746,716,0.87,0.176,0.391
398.01,176.356,8.6,0.28,2.38,4.53,0.27,433,403,0.407,0.375,0.391
413.01,11.882,2.8,0.54,1.52,2.06,0.12,649,619,0.688,0.222,0.391
HD 114783b,314.653,10.94,0.24,2.63,5.36,1.2,213,183,0.36,0.423,0.39
282.01,11.882,2.8,0.54,1.52,2.06,0.18,650,620,0.688,0.221,0.39
438.01,6.655,2.2,0.62,1.37,1.74,0.06,698,668,0.759,0.2,0.39
1078.01,10.408,1.9,1.52,2.88,2.34,0.03,690,660,0.794,0.191,0.389
1220.01,1.416,1.1,1.06,1.17,1.13,0.07,827,797,0.97,0.155,0.387
1444.01,14.026,3,0.52,1.56,2.16,0.26,641,611,0.668,0.224,0.387
177.01,10.408,1.9,1.52,2.88,2.34,0.15,694,664,0.794,0.189,0.387
575.01,9.943,2.6,0.57,1.47,1.96,0.17,670,640,0.71,0.211,0.387
353.01,157.278,8.2,0.29,2.34,4.38,0.59,447,417,0.417,0.358,0.387
41.01,3.414,1.4,1.24,1.74,1.56,0.11,771,741,0.892,0.168,0.387
533.01,9.943,2.6,0.57,1.47,1.96,0.13,671,641,0.71,0.21,0.386
1410.01,5.559,1.6,1.36,2.17,1.86,0.13,739,709,0.849,0.176,0.386
868.01,433.314,12.5,0.22,2.77,5.89,0.63,223,193,0.336,0.444,0.386
1236.01,11.882,2.8,0.54,1.52,2.06,0.22,657,627,0.688,0.217,0.386
1601.01,4.392,1.5,1.3,1.95,1.71,0.09,756,726,0.87,0.171,0.386
55 Cncc,53.714,5.24,0.37,1.95,3.2,0.24,535,505,0.519,0.285,0.385
1584.01,10.408,1.9,1.52,2.88,2.34,0.05,697,667,0.794,0.187,0.385
1494.01,8.203,2.4,0.59,1.42,1.85,0.07,689,659,0.733,0.202,0.385
811.01,33.324,4.3,0.42,1.8,2.78,0.14,574,544,0.57,0.26,0.385
701.02,4.392,1.5,1.3,1.95,1.71,0.06,758,728,0.87,0.17,0.385
877.01,9.049,2.5,0.58,1.45,1.9,0.06,682,652,0.721,0.205,0.385
HD 16175b,1398.46,20.35,0.17,3.38,8.29,2.1,283,253,0.258,0.571,0.384
1264.01,10.888,2.7,0.55,1.49,2.01,0.11,667,637,0.699,0.212,0.384
1310.01,12.55,2,1.57,3.14,2.51,0.14,687,657,0.778,0.189,0.384
1413.01,4.392,1.5,1.3,1.95,1.71,0.11,760,730,0.87,0.169,0.384
551.01,5.951,2.1,0.64,1.35,1.68,0.1,718,688,0.773,0.19,0.384
274.01,1.416,1.1,1.06,1.17,1.13,0.12,835,805,0.97,0.152,0.384
1529.01,6.935,1.7,1.41,2.4,2.02,0.14,729,699,0.83,0.177,0.383
747.01,11.882,2.8,0.54,1.52,2.06,0.06,663,633,0.688,0.213,0.383
315.01,43.411,4.8,0.39,1.88,3.01,0.21,556,526,0.542,0.27,0.382
1379.01,0.482,0.8,0.94,0.75,0.78,0.06,820,790,0.951,0.154,0.382
898.02,8.203,2.4,0.59,1.42,1.85,0.05,694,664,0.733,0.199,0.382
500.01,10.888,2.7,0.55,1.49,2.01,0.06,672,642,0.699,0.208,0.382
HD 45350b,568.919,14,0.21,2.9,6.38,1.92,231,201,0.316,0.46,0.381
733.01,6.655,2.2,0.62,1.37,1.74,0.06,713,683,0.759,0.192,0.381
344.01,28.006,4,0.44,1.75,2.65,0.23,594,564,0.589,0.247,0.381
707.03,9.049,2.5,0.58,1.45,1.9,0.2,688,658,0.721,0.202,0.381
1005.01,89.974,6.5,0.33,2.13,3.72,0.21,499,469,0.468,0.31,0.381
829.01,9.943,2.6,0.57,1.47,1.96,0.14,681,651,0.71,0.204,0.381
757.01,43.411,4.8,0.39,1.88,3.01,0.12,560,530,0.542,0.267,0.38
764.01,62.882,5.6,0.36,2.01,3.35,0.24,530,500,0.503,0.286,0.38
142.01,9.049,2.5,0.58,1.45,1.9,0.1,691,661,0.721,0.2,0.38
571.03,8.544,1.8,1.46,2.64,2.18,0.04,722,692,0.812,0.177,0.38
867.01,18.949,3.4,0.48,1.64,2.36,0.12,630,600,0.633,0.227,0.379
548.01,9.943,2.6,0.57,1.47,1.96,0.15,684,654,0.71,0.203,0.379
157.03,31.492,4.2,0.43,1.79,2.74,0.2,588,558,0.576,0.249,0.379
825.01,8.203,2.4,0.59,1.42,1.85,0.07,701,671,0.733,0.196,0.379
HD 75898b,797.758,16.11,0.19,3.07,7.04,1.19,338,308,0.293,0.488,0.378
HD 82943c,638.842,14.69,0.2,2.96,6.6,0.75,354,324,0.308,0.463,0.378
818.01,21.74,3.6,0.47,1.68,2.46,0.07,621,591,0.617,0.231,0.378
884.03,1.945,1.2,1.13,1.35,1.27,0.04,827,797,0.942,0.151,0.378
HD 23079b,829.541,16.38,0.19,3.09,7.12,1.65,246,216,0.291,0.489,0.377
907.02,18.949,3.4,0.48,1.64,2.36,0.19,634,604,0.633,0.224,0.377
834.02,10.408,1.9,1.52,2.88,2.34,0.11,713,683,0.794,0.179,0.377
1215.02,5.951,2.1,0.64,1.35,1.68,0.21,731,701,0.773,0.184,0.377
1426.02,135.203,7.7,0.3,2.28,4.19,0.36,473,443,0.431,0.329,0.377
1002.01,1,1,1,1,1,0.04,872,842,1,0.142,0.377
896.01,26.353,3.9,0.44,1.73,2.6,0.12,608,578,0.596,0.237,0.376
1244.01,4.392,1.5,1.3,1.95,1.71,0.1,776,746,0.87,0.162,0.376
HD 183263b,1172.799,18.91,0.17,3.28,7.88,1.52,264,234,0.269,0.524,0.375
1534.01,5.559,1.6,1.36,2.17,1.86,0.15,760,730,0.849,0.166,0.375
1288.01,241.41,9.8,0.26,2.51,4.96,0.49,430,400,0.381,0.369,0.375
949.01,9.049,2.5,0.58,1.45,1.9,0.11,700,670,0.721,0.195,0.375
1422.01,15.176,3.1,0.51,1.58,2.21,0.05,657,627,0.659,0.213,0.375
1463.01,820.186,16.3,0.19,3.09,7.1,0.8,341,311,0.291,0.48,0.374
914.01,1.945,1.2,1.13,1.35,1.27,0.05,835,805,0.942,0.148,0.374
HD 99492b,34.644,4.37,0.42,1.81,2.82,0.12,590,560,0.566,0.246,0.373
1588.01,4.392,1.5,1.3,1.95,1.71,0.04,781,751,0.87,0.16,0.373
872.01,122.885,7.4,0.3,2.24,4.08,0.2,486,456,0.439,0.317,0.373
992.01,5.559,1.6,1.36,2.17,1.86,0.09,765,735,0.849,0.164,0.373
1573.01,24.758,3.8,0.45,1.71,2.55,0.17,619,589,0.603,0.23,0.373
1198.01,12.55,2,1.57,3.14,2.51,0.13,709,679,0.778,0.178,0.372
16 Cyg Bb,533.957,13.63,0.21,2.87,6.26,1.68,221,191,0.32,0.43,0.371
892.01,11.882,2.8,0.54,1.52,2.06,0.09,684,654,0.688,0.2,0.371
708.01,6.655,2.2,0.62,1.37,1.74,0.14,733,703,0.759,0.181,0.371
837.02,3.414,1.4,1.24,1.74,1.56,0.05,804,774,0.892,0.154,0.371
427.01,39.189,4.6,0.4,1.85,2.92,0.17,584,554,0.552,0.249,0.371
568.01,1,1,1,1,1,0.04,886,856,1,0.137,0.37
910.01,10.408,1.9,1.52,2.88,2.34,0.06,726,696,0.794,0.172,0.37
581.01,5.951,2.1,0.64,1.35,1.68,0.07,744,714,0.773,0.177,0.37
841.01,28.006,4,0.44,1.75,2.65,0.12,613,583,0.589,0.233,0.37
1375.01,1027.23,17.9,0.18,3.21,7.58,0.96,330,300,0.277,0.494,0.37
557.01,15.176,3.1,0.51,1.58,2.21,0.12,666,636,0.659,0.207,0.37
1307.02,11.882,2.8,0.54,1.52,2.06,0.15,687,657,0.688,0.198,0.37
802.01,118.931,7.3,0.31,2.23,4.04,0.14,494,464,0.442,0.309,0.369
1207.01,12.928,2.9,0.53,1.54,2.11,0.11,680,650,0.678,0.201,0.369
156.02,5.559,1.6,1.36,2.17,1.86,0.05,773,743,0.849,0.16,0.369
1278.01,5.559,1.6,1.36,2.17,1.86,0.11,774,744,0.849,0.16,0.369
1257.01,278.478,10.4,0.25,2.57,5.18,0.39,428,398,0.369,0.368,0.368
614.01,28.006,4,0.44,1.75,2.65,0.11,617,587,0.589,0.23,0.368
251.01,12.928,2.9,0.53,1.54,2.11,0.04,683,653,0.678,0.2,0.368
691.01,12.928,2.9,0.53,1.54,2.11,0.2,683,653,0.678,0.2,0.368
691.02,2.605,1.3,1.19,1.54,1.42,0.13,829,799,0.916,0.147,0.368
1113.01,9.943,2.6,0.57,1.47,1.96,0.18,706,676,0.71,0.19,0.367
1282.01,12.55,2,1.57,3.14,2.51,0.2,718,688,0.778,0.173,0.367
332.01,1.416,1.1,1.06,1.17,1.13,0.06,871,841,0.97,0.139,0.367
386.01,18.949,3.4,0.48,1.64,2.36,0.2,653,623,0.633,0.212,0.366
695.01,15.176,3.1,0.51,1.58,2.21,0.2,673,643,0.659,0.203,0.366
934.02,12.55,2,1.57,3.14,2.51,0.11,721,691,0.778,0.172,0.366
277.01,5.951,2.1,0.64,1.35,1.68,0.12,753,723,0.773,0.173,0.366
492.01,23.22,3.7,0.46,1.7,2.51,0.19,637,607,0.61,0.219,0.366
HD 175541b,193.877,8.95,0.27,2.42,4.66,1.03,461,431,0.399,0.334,0.365
HD 28185b,1811.641,22.67,0.16,3.53,8.94,1.03,279,249,0.243,0.547,0.365
307.01,6.935,1.7,1.41,2.4,2.02,0.15,766,736,0.83,0.16,0.365
HD 20868b,632.485,14.63,0.2,2.96,6.58,0.95,223,193,0.309,0.43,0.364
HD 154857b,572.097,14.03,0.21,2.91,6.39,1.2,381,351,0.316,0.417,0.363
746.01,15.176,3.1,0.51,1.58,2.21,0.08,678,648,0.659,0.2,0.363
1164.01,1.945,1.2,1.13,1.35,1.27,0.03,859,829,0.942,0.14,0.363
HD 108874c,323.553,11.07,0.24,2.64,5.41,2.68,195,165,0.358,0.367,0.362
HD 177830b,406.825,12.18,0.23,2.74,5.78,1,407,377,0.34,0.386,0.362
1270.01,12.55,2,1.57,3.14,2.51,0.06,728,698,0.778,0.169,0.362
905.01,12.55,2,1.57,3.14,2.51,0.06,728,698,0.778,0.169,0.362
1245.01,4.392,1.5,1.3,1.95,1.71,0.12,804,774,0.87,0.151,0.362
157.02,20.317,3.5,0.47,1.66,2.41,0.16,655,625,0.625,0.21,0.362
1553.01,111.248,7.1,0.31,2.21,3.96,0.28,511,481,0.448,0.292,0.362
70.04,0.188,0.6,0.87,0.52,0.56,0.06,809,779,0.886,0.148,0.362
313.01,15.176,3.1,0.51,1.58,2.21,0.14,681,651,0.659,0.198,0.362
546.01,11.882,2.8,0.54,1.52,2.06,0.15,703,673,0.688,0.19,0.361
1017.01,14.026,3,0.52,1.56,2.16,0.13,689,659,0.668,0.195,0.361
431.01,21.74,3.6,0.47,1.68,2.46,0.14,652,622,0.617,0.211,0.361
122.01,10.408,1.9,1.52,2.88,2.34,0.1,746,716,0.794,0.163,0.36
180.01,8.544,1.8,1.46,2.64,2.18,0.09,761,731,0.812,0.16,0.36
1222.01,0.482,0.8,0.94,0.75,0.78,0.05,871,841,0.951,0.136,0.359
1495.01,9.943,2.6,0.57,1.47,1.96,0.12,723,693,0.71,0.182,0.359
735.01,47.887,5,0.38,1.92,3.1,0.15,587,557,0.531,0.242,0.359
826.01,6.935,1.7,1.41,2.4,2.02,0.07,779,749,0.83,0.155,0.359
563.01,8.544,1.8,1.46,2.64,2.18,0.12,764,734,0.812,0.158,0.359
HD 95089b,381.398,11.85,0.23,2.71,5.67,1.51,419,389,0.345,0.371,0.358
534.01,12.55,2,1.57,3.14,2.51,0.07,736,706,0.778,0.165,0.358
693.02,6.935,1.7,1.41,2.4,2.02,0.13,780,750,0.83,0.155,0.358
1089.01,229.736,9.6,0.26,2.49,4.89,0.4,459,429,0.385,0.332,0.358
6 Lynb,762.796,15.82,0.19,3.05,6.95,2.2,368,338,0.296,0.43,0.357
442.01,10.408,1.9,1.52,2.88,2.34,0.11,752,722,0.794,0.161,0.357
1117.01,1.945,1.2,1.13,1.35,1.27,0.1,872,842,0.942,0.136,0.357
834.01,45.617,4.9,0.39,1.9,3.05,0.16,594,564,0.536,0.238,0.357
1519.01,4.392,1.5,1.3,1.95,1.71,0.06,815,785,0.87,0.147,0.357
1203.02,8.203,2.4,0.59,1.42,1.85,0.12,743,713,0.733,0.174,0.357
765.01,8.203,2.4,0.59,1.42,1.85,0.08,743,713,0.733,0.174,0.357
124.02,11.882,2.8,0.54,1.52,2.06,0.2,711,681,0.688,0.185,0.357
620.01,115.052,7.2,0.31,2.22,4,0.25,516,486,0.445,0.286,0.357
1101.01,1.416,1.1,1.06,1.17,1.13,0.04,895,865,0.97,0.131,0.357
348.01,55.087,5.3,0.37,1.96,3.23,0.18,579,549,0.517,0.246,0.357
HD 136418b,635.664,14.66,0.2,2.96,6.59,1.32,382,352,0.308,0.412,0.356
HD 213240b,1430.243,20.54,0.16,3.39,8.35,2.03,256,226,0.257,0.493,0.356
220.02,0.312,0.7,0.91,0.64,0.67,0.05,852,822,0.921,0.138,0.356
500.04,5.951,2.1,0.64,1.35,1.68,0.05,773,743,0.773,0.164,0.356
629.01,14.026,3,0.52,1.56,2.16,0.24,699,669,0.668,0.19,0.356
150.02,23.22,3.7,0.46,1.7,2.51,0.19,655,625,0.61,0.208,0.356
1198.02,4.392,1.5,1.3,1.95,1.71,0.1,818,788,0.87,0.146,0.356
935.01,21.74,3.6,0.47,1.68,2.46,0.15,662,632,0.617,0.204,0.355
1602.01,6.935,1.7,1.41,2.4,2.02,0.09,787,757,0.83,0.152,0.355
422.01,844.586,16.5,0.19,3.1,7.16,0.69,363,333,0.289,0.435,0.355
880.01,45.617,4.9,0.39,1.9,3.05,0.18,599,569,0.536,0.234,0.354
587.01,14.026,3,0.52,1.56,2.16,0.11,702,672,0.668,0.188,0.354
84.01,6.655,2.2,0.62,1.37,1.74,0.09,767,737,0.759,0.166,0.354
1325.01,17.637,3.3,0.49,1.62,2.31,0.09,682,652,0.641,0.196,0.354
385.01,8.544,1.8,1.46,2.64,2.18,0.11,773,743,0.812,0.155,0.354
639.01,5.951,2.1,0.64,1.35,1.68,0.14,777,747,0.773,0.162,0.354
1335.01,131.021,7.6,0.3,2.27,4.15,0.53,510,480,0.434,0.289,0.354
757.03,7.405,2.3,0.61,1.4,1.79,0.06,759,729,0.746,0.168,0.354
HD 148427b,305.119,10.8,0.24,2.61,5.32,0.93,443,413,0.362,0.344,0.353
558.01,7.405,2.3,0.61,1.4,1.79,0.09,760,730,0.746,0.167,0.353
520.01,15.176,3.1,0.51,1.58,2.21,0.1,698,668,0.659,0.189,0.353
538.01,12.928,2.9,0.53,1.54,2.11,0.15,713,683,0.678,0.183,0.353
1246.01,8.203,2.4,0.59,1.42,1.85,0.14,753,723,0.733,0.169,0.352
528.03,16.38,3.2,0.5,1.6,2.26,0.15,694,664,0.65,0.19,0.352
HD 180902b,508.531,13.36,0.21,2.85,6.17,1.39,407,377,0.324,0.379,0.351
821.01,26.353,3.9,0.44,1.73,2.6,0.15,653,623,0.596,0.207,0.351
605.01,5.559,1.6,1.36,2.17,1.86,0.03,812,782,0.849,0.145,0.351
1395.01,9.049,2.5,0.58,1.45,1.9,0.06,748,718,0.721,0.171,0.351
806.02,400.728,12.1,0.23,2.74,5.76,0.3,425,395,0.341,0.36,0.351
1149.01,5.559,1.6,1.36,2.17,1.86,0.07,813,783,0.849,0.145,0.351
HD 8574b,670.625,14.99,0.2,2.98,6.69,0.77,386,356,0.305,0.403,0.35
812.01,9.049,2.5,0.58,1.45,1.9,0.04,750,720,0.721,0.17,0.35
285.01,5.951,2.1,0.64,1.35,1.68,0.11,787,757,0.773,0.158,0.35
117.01,8.203,2.4,0.59,1.42,1.85,0.12,759,729,0.733,0.167,0.35
CoRoT-9b,266.979,11.78,0.16,1.92,4.76,0.41,407,377,0.297,0.409,0.349
1109.01,3.414,1.4,1.24,1.74,1.56,0.07,852,822,0.892,0.136,0.349
339.02,1.416,1.1,1.06,1.17,1.13,0.07,914,884,0.97,0.125,0.349
723.03,16.38,3.2,0.5,1.6,2.26,0.09,700,670,0.65,0.187,0.349
676.01,37.172,4.5,0.41,1.84,2.88,0.07,628,598,0.558,0.218,0.348
672.02,37.172,4.5,0.41,1.84,2.88,0.24,628,598,0.558,0.218,0.348
649.01,12.55,2,1.57,3.14,2.51,0.17,757,727,0.778,0.156,0.348
593.01,5.951,2.1,0.64,1.35,1.68,0.09,790,760,0.773,0.157,0.348
878.01,52.621,5.2,0.37,1.95,3.18,0.16,598,568,0.522,0.232,0.348
1031.01,12.55,2,1.57,3.14,2.51,0.12,758,728,0.778,0.156,0.348
795.01,8.203,2.4,0.59,1.42,1.85,0.07,763,733,0.733,0.165,0.348
466.01,15.176,3.1,0.51,1.58,2.21,0.09,709,679,0.659,0.183,0.348
HD 40979b,1055.201,18.1,0.18,3.22,7.64,0.81,358,328,0.275,0.436,0.346
1052.01,9.943,2.6,0.57,1.47,1.96,0.13,749,719,0.71,0.169,0.346
1577.01,4.392,1.5,1.3,1.95,1.71,0.03,840,810,0.87,0.138,0.346
377.01,65.615,5.7,0.35,2.02,3.39,0.14,583,553,0.499,0.24,0.346
1405.01,5.951,2.1,0.64,1.35,1.68,0.1,797,767,0.773,0.154,0.345
475.01,8.203,2.4,0.59,1.42,1.85,0.08,770,740,0.733,0.162,0.345
HD 4308b,12.872,2.89,0.53,1.54,2.11,0.12,731,701,0.678,0.174,0.344
HD 11506b,1093.341,18.37,0.18,3.24,7.72,2.43,231,201,0.273,0.433,0.344
1422.03,12.55,2,1.57,3.14,2.51,0.04,766,736,0.778,0.152,0.344
597.01,9.943,2.6,0.57,1.47,1.96,0.14,754,724,0.71,0.167,0.344
657.01,5.559,1.6,1.36,2.17,1.86,0.05,828,798,0.849,0.139,0.344
772.01,157.278,8.2,0.29,2.34,4.38,0.31,512,482,0.417,0.283,0.344
HD 12661c,498.996,13.26,0.21,2.84,6.14,2.56,198,168,0.325,0.361,0.343
1537.01,1,1,1,1,1,0.09,952,922,1,0.118,0.343
1151.02,1.945,1.2,1.13,1.35,1.27,0.07,907,877,0.942,0.125,0.343
306.01,21.74,3.6,0.47,1.68,2.46,0.17,687,657,0.617,0.19,0.343
753.01,103.864,6.9,0.32,2.18,3.88,0.14,549,519,0.455,0.258,0.343
507.01,33.324,4.3,0.42,1.8,2.78,0.14,649,619,0.57,0.206,0.343
1106.01,0.709,0.9,0.97,0.87,0.89,0.08,935,905,0.977,0.12,0.342
509.02,12.928,2.9,0.53,1.54,2.11,0.1,735,705,0.678,0.173,0.342
481.01,9.049,2.5,0.58,1.45,1.9,0.07,768,738,0.721,0.162,0.342
661.01,5.951,2.1,0.64,1.35,1.68,0.12,806,776,0.773,0.151,0.341
123.02,9.049,2.5,0.58,1.45,1.9,0.15,769,739,0.721,0.161,0.341
HD 128311b,692.873,15.2,0.2,3,6.75,1.1,208,178,0.302,0.383,0.34
612.01,20.317,3.5,0.47,1.66,2.41,0.15,698,668,0.625,0.185,0.34
179.01,17.637,3.3,0.49,1.62,2.31,0.15,711,681,0.641,0.18,0.34
162.01,9.943,2.6,0.57,1.47,1.96,0.12,763,733,0.71,0.163,0.34
238.01,9.049,2.5,0.58,1.45,1.9,0.14,772,742,0.721,0.16,0.34
1402.01,6.935,1.7,1.41,2.4,2.02,0.07,822,792,0.83,0.139,0.339
873.01,2.605,1.3,1.19,1.54,1.42,0.05,896,866,0.916,0.125,0.339
1082.01,10.408,1.9,1.52,2.88,2.34,0.07,793,763,0.794,0.144,0.339
1370.01,6.935,1.7,1.41,2.4,2.02,0.07,825,795,0.83,0.138,0.338
499.01,12.55,2,1.57,3.14,2.51,0.09,780,750,0.778,0.147,0.338
1427.01,4.392,1.5,1.3,1.95,1.71,0.03,860,830,0.87,0.131,0.338
235.01,8.544,1.8,1.46,2.64,2.18,0.06,811,781,0.812,0.14,0.337
1499.01,14.026,3,0.52,1.56,2.16,0.12,738,708,0.668,0.17,0.337
1440.01,3.414,1.4,1.24,1.74,1.56,0.07,881,851,0.892,0.127,0.337
282.02,0.709,0.9,0.97,0.87,0.89,0.08,949,919,0.977,0.116,0.337
459.01,23.22,3.7,0.46,1.7,2.51,0.14,694,664,0.61,0.185,0.336
523.01,118.931,7.3,0.31,2.23,4.04,0.27,549,519,0.442,0.255,0.336
346.01,18.949,3.4,0.48,1.64,2.36,0.11,714,684,0.633,0.178,0.336
738.02,12.928,2.9,0.53,1.54,2.11,0.11,749,719,0.678,0.166,0.336
938.01,12.928,2.9,0.53,1.54,2.11,0.09,749,719,0.678,0.166,0.336
HD 52265b,359.15,11.56,0.23,2.69,5.58,0.49,458,428,0.35,0.321,0.335
HD 10697b,2027.767,23.75,0.15,3.59,9.24,2.16,254,224,0.237,0.471,0.334
HD 196050b,953.495,17.35,0.18,3.17,7.41,2.5,217,187,0.282,0.396,0.334
HD 6434b,152.559,8.1,0.29,2.33,4.34,0.15,532,502,0.42,0.265,0.334
94.03,103.864,6.9,0.32,2.18,3.88,0.42,564,534,0.455,0.246,0.334
758.01,24.758,3.8,0.45,1.71,2.55,0.12,693,663,0.603,0.185,0.334
582.01,6.655,2.2,0.62,1.37,1.74,0.06,813,783,0.759,0.147,0.334
148.02,14.026,3,0.52,1.56,2.16,0.09,746,716,0.668,0.167,0.334
490.03,6.655,2.2,0.62,1.37,1.74,0.07,814,784,0.759,0.147,0.334
HD 167042b,508.531,13.36,0.21,2.85,6.17,1.3,433,403,0.324,0.343,0.333
HD 222582b,2463.196,25.76,0.14,3.71,9.78,1.35,263,233,0.227,0.488,0.333
857.01,6.655,2.2,0.62,1.37,1.74,0.06,816,786,0.759,0.146,0.333
HD 23596b,2285.211,24.96,0.15,3.67,9.57,2.72,258,228,0.231,0.478,0.332
HD 231701b,343.258,11.35,0.24,2.67,5.5,0.53,467,437,0.353,0.311,0.332
HD 86264b,2224.823,24.69,0.15,3.65,9.5,2.86,256,226,0.232,0.474,0.332
444.01,12.55,2,1.57,3.14,2.51,0.1,793,763,0.778,0.142,0.332
519.01,8.203,2.4,0.59,1.42,1.85,0.1,798,768,0.733,0.151,0.332
733.03,4.392,1.5,1.3,1.95,1.71,0.04,874,844,0.87,0.127,0.332
HD 33564b,2892.269,27.53,0.14,3.82,10.25,1.1,306,276,0.218,0.503,0.331
157.06,6.935,1.7,1.41,2.4,2.02,0.1,841,811,0.83,0.132,0.331
456.01,15.176,3.1,0.51,1.58,2.21,0.11,744,714,0.659,0.166,0.331
1283.01,0.312,0.7,0.91,0.64,0.67,0.08,913,883,0.921,0.119,0.331
153.01,16.38,3.2,0.5,1.6,2.26,0.08,738,708,0.65,0.168,0.331
1606.01,1.945,1.2,1.13,1.35,1.27,0.06,938,908,0.942,0.116,0.331
1583.01,8.544,1.8,1.46,2.64,2.18,0.08,827,797,0.812,0.135,0.331
500.03,4.392,1.5,1.3,1.95,1.71,0.04,879,849,0.87,0.125,0.33
1212.01,8.544,1.8,1.46,2.64,2.18,0.1,828,798,0.812,0.134,0.33
1030.01,8.544,1.8,1.46,2.64,2.18,0.09,829,799,0.812,0.134,0.33
209.01,131.021,7.6,0.3,2.27,4.15,0.28,552,522,0.434,0.251,0.33
HD 169830c,1284.04,19.64,0.17,3.33,8.09,3.6,226,196,0.263,0.412,0.329
HD 181342b,1048.845,18.06,0.18,3.22,7.62,1.78,383,353,0.276,0.392,0.329
853.01,12.928,2.9,0.53,1.54,2.11,0.08,763,733,0.678,0.16,0.329
1083.01,5.559,1.6,1.36,2.17,1.86,0.07,864,834,0.849,0.127,0.329
686.01,339.968,11.3,0.24,2.66,5.49,0.28,472,442,0.354,0.306,0.329
1589.02,7.405,2.3,0.61,1.4,1.79,0.11,817,787,0.746,0.144,0.328
488.01,6.655,2.2,0.62,1.37,1.74,0.09,827,797,0.759,0.142,0.328
117.04,0.312,0.7,0.91,0.64,0.67,0.08,922,892,0.921,0.117,0.328
749.02,3.414,1.4,1.24,1.74,1.56,0.05,905,875,0.892,0.12,0.328
HD 50499b,543.492,13.74,0.21,2.88,6.29,3.86,190,160,0.319,0.336,0.327
1060.01,4.392,1.5,1.3,1.95,1.71,0.11,886,856,0.87,0.123,0.327
590.01,5.951,2.1,0.64,1.35,1.68,0.1,839,809,0.773,0.139,0.327
457.01,6.655,2.2,0.62,1.37,1.74,0.05,829,799,0.759,0.141,0.327
260.01,1.945,1.2,1.13,1.35,1.27,0.1,949,919,0.942,0.113,0.327
152.03,8.203,2.4,0.59,1.42,1.85,0.11,812,782,0.733,0.145,0.326
954.01,7.405,2.3,0.61,1.4,1.79,0.08,822,792,0.746,0.143,0.326
921.03,4.392,1.5,1.3,1.95,1.71,0.05,890,860,0.87,0.122,0.326
408.02,12.928,2.9,0.53,1.54,2.11,0.11,771,741,0.678,0.157,0.326
316.01,11.882,2.8,0.54,1.52,2.06,0.13,780,750,0.688,0.154,0.325
849.01,11.882,2.8,0.54,1.52,2.06,0.09,780,750,0.688,0.154,0.325
232.01,21.74,3.6,0.47,1.68,2.46,0.11,724,694,0.617,0.171,0.325
804.01,14.026,3,0.52,1.56,2.16,0.08,765,735,0.668,0.158,0.325
737.01,62.882,5.6,0.36,2.01,3.35,0.11,627,597,0.503,0.21,0.325
HD 73526b,921.712,17.11,0.18,3.15,7.34,0.66,400,370,0.284,0.37,0.324
918.01,291.526,10.6,0.24,2.59,5.25,0.23,493,463,0.366,0.287,0.324
635.01,10.888,2.7,0.55,1.49,2.01,0.13,792,762,0.699,0.15,0.324
HD 216437b,667.447,14.96,0.2,2.98,6.68,2.7,195,165,0.305,0.343,0.323
345.01,68.417,5.8,0.35,2.03,3.44,0.19,622,592,0.495,0.211,0.323
834.03,3.414,1.4,1.24,1.74,1.56,0.07,916,886,0.892,0.117,0.323
163.01,11.882,2.8,0.54,1.52,2.06,0.1,786,756,0.688,0.152,0.323
505.01,15.176,3.1,0.51,1.58,2.21,0.11,764,734,0.659,0.158,0.322
783.01,20.317,3.5,0.47,1.66,2.41,0.07,737,707,0.625,0.166,0.322
845.01,21.74,3.6,0.47,1.68,2.46,0.13,731,701,0.617,0.168,0.322
906.01,11.882,2.8,0.54,1.52,2.06,0.07,789,759,0.688,0.15,0.322
749.01,12.55,2,1.57,3.14,2.51,0.06,819,789,0.778,0.133,0.321
497.01,9.049,2.5,0.58,1.45,1.9,0.11,815,785,0.721,0.143,0.321
1163.02,8.544,1.8,1.46,2.64,2.18,0.08,851,821,0.812,0.127,0.321
HD 192263b,228.839,9.58,0.26,2.49,4.89,0.15,521,491,0.385,0.266,0.32
829.02,10.408,1.9,1.52,2.88,2.34,0.09,837,807,0.794,0.129,0.32
662.01,4.392,1.5,1.3,1.95,1.71,0.1,905,875,0.87,0.118,0.32
626.01,6.655,2.2,0.62,1.37,1.74,0.12,847,817,0.759,0.135,0.32
173.01,10.408,1.9,1.52,2.88,2.34,0.09,838,808,0.794,0.129,0.32
1102.02,0.709,0.9,0.97,0.87,0.89,0.08,996,966,0.977,0.105,0.32
1051.01,6.935,1.7,1.41,2.4,2.02,0.07,871,841,0.83,0.123,0.32
998.01,2293.15,25,0.15,3.67,9.58,0.59,338,308,0.23,0.443,0.32
HD 114386b,394.111,12.02,0.23,2.73,5.73,1.65,174,144,0.343,0.298,0.319
HD 38801b,3400.8,29.45,0.13,3.92,10.75,1.7,311,281,0.21,0.483,0.319
561.01,5.951,2.1,0.64,1.35,1.68,0.06,859,829,0.773,0.132,0.319
1032.01,2566.72,26.2,0.14,3.74,9.9,1.56,330,300,0.225,0.454,0.319
288.01,4.392,1.5,1.3,1.95,1.71,0.09,908,878,0.87,0.117,0.319
567.01,12.928,2.9,0.53,1.54,2.11,0.1,788,758,0.678,0.15,0.319
157.01,14.026,3,0.52,1.56,2.16,0.11,781,751,0.668,0.152,0.318
467.01,47.887,5,0.38,1.92,3.1,0.14,666,636,0.531,0.19,0.318
1593.01,9.049,2.5,0.58,1.45,1.9,0.09,824,794,0.721,0.14,0.318
108.01,10.888,2.7,0.55,1.49,2.01,0.13,807,777,0.699,0.144,0.318
HD 2039b,1557.376,21.28,0.16,3.44,8.56,2.2,224,194,0.252,0.4,0.317
730.01,15.176,3.1,0.51,1.58,2.21,0.12,776,746,0.659,0.153,0.317
1226.01,2661.93,26.6,0.14,3.76,10.01,0.51,331,301,0.223,0.451,0.317
645.02,9.049,2.5,0.58,1.45,1.9,0.17,827,797,0.721,0.139,0.317
312.01,5.559,1.6,1.36,2.17,1.86,0.1,897,867,0.849,0.118,0.316
335.01,33.324,4.3,0.42,1.8,2.78,0.27,704,674,0.57,0.176,0.316
349.01,11.882,2.8,0.54,1.52,2.06,0.12,802,772,0.688,0.145,0.316
1377.01,5.559,1.6,1.36,2.17,1.86,0.1,898,868,0.849,0.118,0.316
1515.01,2.605,1.3,1.19,1.54,1.42,0.03,957,927,0.916,0.109,0.316
855.01,433.314,12.5,0.22,2.77,5.89,0.23,474,444,0.336,0.297,0.316
318.01,35.218,4.4,0.41,1.82,2.83,0.23,701,671,0.564,0.176,0.315
HD 206610b,699.23,15.25,0.2,3.01,6.77,1.68,438,408,0.302,0.327,0.314
HD 89744b,2539.476,26.08,0.14,3.73,9.87,0.89,338,308,0.225,0.438,0.314
891.01,10.888,2.7,0.55,1.49,2.01,0.09,815,785,0.699,0.141,0.314
1142.01,4.392,1.5,1.3,1.95,1.71,0.05,922,892,0.87,0.113,0.314
1523.01,6.655,2.2,0.62,1.37,1.74,0.08,865,835,0.759,0.129,0.313
716.01,83.463,6.3,0.33,2.1,3.64,0.18,625,595,0.476,0.206,0.313
1596.01,7.405,2.3,0.61,1.4,1.79,0.06,855,825,0.746,0.131,0.313
219.01,24.758,3.8,0.45,1.71,2.55,0.08,740,710,0.603,0.162,0.313
941.03,93.338,6.6,0.32,2.14,3.76,0.17,615,585,0.465,0.211,0.313
30 Ari Bb,3140.178,28.49,0.14,3.87,10.5,0.99,326,296,0.214,0.454,0.312
HD 202206c,775.51,15.92,0.19,3.06,6.98,2.55,191,161,0.295,0.329,0.312
1465.01,45.617,4.9,0.39,1.9,3.05,0.09,683,653,0.536,0.182,0.312
1316.01,0.312,0.7,0.91,0.64,0.67,0.07,966,936,0.921,0.106,0.312
1409.01,23.22,3.7,0.46,1.7,2.51,0.13,749,719,0.61,0.159,0.312
459.02,2.605,1.3,1.19,1.54,1.42,0.07,969,939,0.916,0.106,0.312
350.01,9.049,2.5,0.58,1.45,1.9,0.11,840,810,0.721,0.135,0.312
HD 37124c,217.079,9.38,0.26,2.47,4.81,3.19,153,123,0.39,0.248,0.311
HD 69830b,10.488,2.66,0.56,1.48,1.99,0.08,828,798,0.703,0.137,0.311
596.01,6.935,1.7,1.41,2.4,2.02,0.02,894,864,0.83,0.116,0.311
1532.01,12.55,2,1.57,3.14,2.51,0.14,846,816,0.778,0.124,0.311
602.01,7.405,2.3,0.61,1.4,1.79,0.11,861,831,0.746,0.13,0.311
HD 7924b,9.217,1.84,1.48,2.73,2.24,0.06,875,845,0.805,0.119,0.31
1432.01,10.408,1.9,1.52,2.88,2.34,0.07,863,833,0.794,0.121,0.31
111.01,9.049,2.5,0.58,1.45,1.9,0.1,844,814,0.721,0.133,0.31
1530.01,12.55,2,1.57,3.14,2.51,0.11,849,819,0.778,0.123,0.31
237.01,7.405,2.3,0.61,1.4,1.79,0.08,864,834,0.746,0.129,0.31
896.02,11.882,2.8,0.54,1.52,2.06,0.07,819,789,0.688,0.139,0.31
HD 190360c,18.116,3.34,0.49,1.63,2.33,0.13,780,750,0.638,0.15,0.309
907.01,20.317,3.5,0.47,1.66,2.41,0.13,768,738,0.625,0.153,0.309
707.01,18.949,3.4,0.48,1.64,2.36,0.16,775,745,0.633,0.151,0.309
864.01,6.655,2.2,0.62,1.37,1.74,0.05,876,846,0.759,0.126,0.309
1110.01,10.408,1.9,1.52,2.88,2.34,0.09,867,837,0.794,0.12,0.309
659.01,9.049,2.5,0.58,1.45,1.9,0.17,848,818,0.721,0.132,0.308
524.01,7.405,2.3,0.61,1.4,1.79,0.05,868,838,0.746,0.127,0.308
440.02,6.655,2.2,0.62,1.37,1.74,0.06,880,850,0.759,0.125,0.308
HD 89307b,565.741,13.97,0.21,2.9,6.37,3.27,177,147,0.316,0.297,0.307
248.03,12.55,2,1.57,3.14,2.51,0.03,855,825,0.778,0.121,0.307
313.02,6.655,2.2,0.62,1.37,1.74,0.08,882,852,0.759,0.124,0.307
460.01,33.324,4.3,0.42,1.8,2.78,0.13,726,696,0.57,0.165,0.307
664.01,5.951,2.1,0.64,1.35,1.68,0.11,893,863,0.773,0.122,0.307
333.01,10.408,1.9,1.52,2.88,2.34,0.11,873,843,0.794,0.118,0.306
543.01,10.408,1.9,1.52,2.88,2.34,0.05,874,844,0.794,0.118,0.306
534.02,3.414,1.4,1.24,1.74,1.56,0.04,966,936,0.892,0.105,0.306
232.02,5.559,1.6,1.36,2.17,1.86,0.06,927,897,0.849,0.11,0.305
650.01,24.758,3.8,0.45,1.71,2.55,0.1,758,728,0.603,0.155,0.305
189.01,441.694,12.6,0.22,2.78,5.92,0.18,491,461,0.334,0.279,0.305
663.01,10.408,1.9,1.52,2.88,2.34,0.03,876,846,0.794,0.117,0.305
419.01,126.915,7.5,0.3,2.26,4.12,0.15,603,573,0.436,0.213,0.305
815.01,278.478,10.4,0.25,2.57,5.18,0.21,532,502,0.369,0.252,0.305
487.01,8.203,2.4,0.59,1.42,1.85,0.08,867,837,0.733,0.127,0.305
279.02,5.951,2.1,0.64,1.35,1.68,0.13,898,868,0.773,0.12,0.305
1406.01,9.049,2.5,0.58,1.45,1.9,0.1,858,828,0.721,0.129,0.305
HD 141937b,3082.968,28.28,0.14,3.86,10.45,1.52,245,215,0.215,0.431,0.304
870.02,20.317,3.5,0.47,1.66,2.41,0.08,781,751,0.625,0.148,0.304
388.01,0.188,0.6,0.87,0.52,0.56,0.06,955,925,0.886,0.104,0.304
730.02,7.405,2.3,0.61,1.4,1.79,0.09,882,852,0.746,0.123,0.303
1115.01,12.55,2,1.57,3.14,2.51,0.11,867,837,0.778,0.118,0.303
508.02,20.317,3.5,0.47,1.66,2.41,0.13,784,754,0.625,0.147,0.303
1151.01,1.945,1.2,1.13,1.35,1.27,0.06,1019,989,0.942,0.097,0.303
551.02,8.544,1.8,1.46,2.64,2.18,0.06,901,871,0.812,0.113,0.302
638.01,43.411,4.8,0.39,1.88,3.01,0.17,712,682,0.542,0.168,0.302
1193.01,467.398,12.9,0.22,2.81,6.02,0.3,493,463,0.33,0.276,0.302
HD 73267b,972.565,17.5,0.18,3.18,7.46,2.2,191,161,0.28,0.322,0.301
778.01,10.408,1.9,1.52,2.88,2.34,0.03,887,857,0.794,0.114,0.301
1215.01,6.655,2.2,0.62,1.37,1.74,0.14,899,869,0.759,0.119,0.301
HAT-P-13c,4608.561,33.42,0.12,4.13,11.75,1.19,315,285,0.196,0.46,0.3
1072.01,5.951,2.1,0.64,1.35,1.68,0.09,911,881,0.773,0.117,0.3
367.01,65.615,5.7,0.35,2.02,3.39,0.2,676,646,0.499,0.181,0.3
1344.01,1.416,1.1,1.06,1.17,1.13,0.05,1051,1021,0.97,0.093,0.3
543.02,4.392,1.5,1.3,1.95,1.71,0.04,962,932,0.87,0.103,0.3
670.01,5.951,2.1,0.64,1.35,1.68,0.09,913,883,0.773,0.116,0.3
HD 50554b,1557.376,21.28,0.16,3.44,8.56,2.38,209,179,0.252,0.356,0.299
HD 154672b,1595.516,21.5,0.16,3.45,8.62,0.6,397,367,0.25,0.357,0.299
401.01,80.313,6.2,0.34,2.09,3.6,0.19,659,629,0.479,0.187,0.299
42.01,9.943,2.6,0.57,1.47,1.96,0.14,864,834,0.71,0.126,0.299
474.01,7.405,2.3,0.61,1.4,1.79,0.1,893,863,0.746,0.12,0.299
692.01,0.482,0.8,0.94,0.75,0.78,0.04,1034,1004,0.951,0.094,0.299
HD 210702b,635.664,14.66,0.2,2.96,6.59,1.17,474,444,0.308,0.288,0.298
HD 169830b,915.356,17.06,0.18,3.14,7.33,0.81,444,414,0.284,0.312,0.298
483.01,7.405,2.3,0.61,1.4,1.79,0.06,896,866,0.746,0.119,0.298
70.02,5.559,1.6,1.36,2.17,1.86,0.05,949,919,0.849,0.105,0.298
1205.01,5.951,2.1,0.64,1.35,1.68,0.09,918,888,0.773,0.115,0.298
738.01,17.637,3.3,0.49,1.62,2.31,0.1,811,781,0.641,0.138,0.298
1438.01,4.392,1.5,1.3,1.95,1.71,0.07,969,939,0.87,0.102,0.298
887.01,7.405,2.3,0.61,1.4,1.79,0.07,897,867,0.746,0.119,0.298
458.01,284.959,10.5,0.25,2.58,5.21,0.29,545,515,0.368,0.24,0.297
618.01,16.38,3.2,0.5,1.6,2.26,0.09,820,790,0.65,0.136,0.297
308.01,41.269,4.7,0.4,1.87,2.96,0.22,729,699,0.547,0.161,0.297
HD 190360b,477.383,13.01,0.22,2.82,6.06,3.92,165,135,0.329,0.267,0.296
HD 39091b,3289.559,29.05,0.13,3.9,10.65,3.29,240,210,0.212,0.413,0.296
HD 212771b,731.013,15.54,0.19,3.03,6.86,1.22,465,435,0.299,0.293,0.296
1441.01,7.405,2.3,0.61,1.4,1.79,0.08,901,871,0.746,0.118,0.296
874.01,6.655,2.2,0.62,1.37,1.74,0.05,912,882,0.759,0.116,0.296
1204.01,6.935,1.7,1.41,2.4,2.02,0.08,936,906,0.83,0.106,0.296
730.03,9.049,2.5,0.58,1.45,1.9,0.09,882,852,0.721,0.122,0.296
707.04,6.655,2.2,0.62,1.37,1.74,0.11,914,884,0.759,0.115,0.295
426.01,20.317,3.5,0.47,1.66,2.41,0.13,803,773,0.625,0.14,0.295
555.01,4.392,1.5,1.3,1.95,1.71,0.05,977,947,0.87,0.1,0.295
700.02,10.408,1.9,1.52,2.88,2.34,0.09,905,875,0.794,0.11,0.295
187.01,362.07,11.6,0.23,2.69,5.59,0.19,529,499,0.349,0.249,0.295
943.01,6.655,2.2,0.62,1.37,1.74,0.04,917,887,0.759,0.114,0.294
284.01,9.049,2.5,0.58,1.45,1.9,0.14,889,859,0.721,0.12,0.294
HD 202206b,5530.273,36.06,0.12,4.25,12.39,0.83,313,283,0.188,0.457,0.293
HD 11964b,34.961,4.39,0.41,1.82,2.82,0.23,758,728,0.565,0.151,0.292
269.01,6.935,1.7,1.41,2.4,2.02,0.14,948,918,0.83,0.103,0.292
1589.01,6.655,2.2,0.62,1.37,1.74,0.09,925,895,0.759,0.112,0.292
HD 72659b,940.782,17.26,0.18,3.16,7.39,4.16,183,153,0.282,0.3,0.291
148.01,5.951,2.1,0.64,1.35,1.68,0.05,938,908,0.773,0.11,0.291
1526.01,2.605,1.3,1.19,1.54,1.42,0.05,1033,1003,0.916,0.092,0.291
559.01,3.414,1.4,1.24,1.74,1.56,0.05,1011,981,0.892,0.095,0.291
HD 117618b,56.574,5.36,0.37,1.97,3.25,0.18,714,684,0.514,0.164,0.29
HD 4313b,731.013,15.54,0.19,3.03,6.86,1.19,477,447,0.299,0.281,0.29
708.02,6.935,1.7,1.41,2.4,2.02,0.08,954,924,0.83,0.101,0.29
869.01,16.38,3.2,0.5,1.6,2.26,0.07,839,809,0.65,0.13,0.29
1608.01,5.559,1.6,1.36,2.17,1.86,0.09,973,943,0.849,0.099,0.29
HD 192699b,794.579,16.09,0.19,3.07,7.03,1.16,471,441,0.293,0.285,0.289
HD 134987c,260.622,10.12,0.25,2.55,5.08,5.8,145,115,0.375,0.223,0.289
1219.01,1.945,1.2,1.13,1.35,1.27,0.04,1061,1031,0.942,0.089,0.289
279.01,45.617,4.9,0.39,1.9,3.05,0.19,738,708,0.536,0.156,0.289
752.01,10.888,2.7,0.55,1.49,2.01,0.09,883,853,0.699,0.12,0.289
572.01,8.203,2.4,0.59,1.42,1.85,0.1,912,882,0.733,0.114,0.289
1364.02,10.888,2.7,0.55,1.49,2.01,0.07,884,854,0.699,0.119,0.289
116.02,43.411,4.8,0.39,1.88,3.01,0.26,745,715,0.542,0.154,0.289
1312.01,5.559,1.6,1.36,2.17,1.86,0.07,980,950,0.849,0.098,0.288
321.01,0.709,0.9,0.97,0.87,0.89,0.04,1098,1068,0.977,0.084,0.287
810.01,10.888,2.7,0.55,1.49,2.01,0.05,889,859,0.699,0.118,0.287
1216.01,12.55,2,1.57,3.14,2.51,0.1,913,883,0.778,0.106,0.287
628.01,15.176,3.1,0.51,1.58,2.21,0.12,856,826,0.659,0.125,0.287
1498.01,8.544,1.8,1.46,2.64,2.18,0.06,947,917,0.812,0.101,0.287
520.02,12.55,2,1.57,3.14,2.51,0.06,914,884,0.778,0.106,0.287
800.02,9.049,2.5,0.58,1.45,1.9,0.07,912,882,0.721,0.113,0.286
531.01,33.324,4.3,0.42,1.8,2.78,0.04,779,749,0.57,0.143,0.286
1305.01,2.605,1.3,1.19,1.54,1.42,0.04,1050,1020,0.916,0.089,0.286
871.01,311.755,10.9,0.24,2.62,5.35,0.1,561,531,0.361,0.226,0.286
1094.01,8.203,2.4,0.59,1.42,1.85,0.07,923,893,0.733,0.111,0.285
1396.01,9.049,2.5,0.58,1.45,1.9,0.07,914,884,0.721,0.113,0.285
1336.01,9.049,2.5,0.58,1.45,1.9,0.1,914,884,0.721,0.113,0.285
537.01,3.414,1.4,1.24,1.74,1.56,0.04,1033,1003,0.892,0.09,0.284
756.01,23.22,3.7,0.46,1.7,2.51,0.1,821,791,0.61,0.132,0.284
1576.01,16.38,3.2,0.5,1.6,2.26,0.1,858,828,0.65,0.124,0.283
911.01,6.935,1.7,1.41,2.4,2.02,0.05,975,945,0.83,0.097,0.283
718.01,5.559,1.6,1.36,2.17,1.86,0.06,994,964,0.849,0.095,0.283
HD 117207b,654.733,14.84,0.2,2.97,6.64,3.78,166,136,0.306,0.26,0.282
89.02,60.217,5.5,0.36,1.99,3.31,0.5,728,698,0.508,0.157,0.282
856.01,485.007,13.1,0.22,2.83,6.09,0.23,528,498,0.327,0.243,0.282
166.01,23.22,3.7,0.46,1.7,2.51,0.11,826,796,0.61,0.13,0.282
720.01,14.026,3,0.52,1.56,2.16,0.06,879,849,0.668,0.119,0.282
209.02,45.617,4.9,0.39,1.9,3.05,0.14,758,728,0.536,0.148,0.282
89.01,35.218,4.4,0.41,1.82,2.83,0.43,786,756,0.564,0.14,0.281
714.01,6.655,2.2,0.62,1.37,1.74,0.05,959,929,0.759,0.104,0.281
420.01,33.324,4.3,0.42,1.8,2.78,0.06,793,763,0.57,0.138,0.281
730.04,8.544,1.8,1.46,2.64,2.18,0.08,967,937,0.812,0.097,0.28
940.01,20.317,3.5,0.47,1.66,2.41,0.06,846,816,0.625,0.125,0.28
107.01,5.951,2.1,0.64,1.35,1.68,0.07,973,943,0.773,0.101,0.28
987.01,2.605,1.3,1.19,1.54,1.42,0.04,1071,1041,0.916,0.085,0.28
1102.01,16.38,3.2,0.5,1.6,2.26,0.11,871,841,0.65,0.12,0.279
1161.01,7.405,2.3,0.61,1.4,1.79,0.07,955,925,0.746,0.104,0.279
124.01,7.405,2.3,0.61,1.4,1.79,0.11,956,926,0.746,0.104,0.278
844.01,11.882,2.8,0.54,1.52,2.06,0.05,908,878,0.688,0.112,0.278
117.02,2.605,1.3,1.19,1.54,1.42,0.06,1078,1048,0.916,0.084,0.278
HD 102117b,54.667,5.28,0.37,1.96,3.22,0.15,753,723,0.518,0.148,0.277
1166.01,11.882,2.8,0.54,1.52,2.06,0.08,910,880,0.688,0.112,0.277
528.01,15.176,3.1,0.51,1.58,2.21,0.09,885,855,0.659,0.116,0.277
1015.01,8.203,2.4,0.59,1.42,1.85,0.09,951,921,0.733,0.104,0.276
490.01,7.405,2.3,0.61,1.4,1.79,0.05,962,932,0.746,0.102,0.276
787.02,6.655,2.2,0.62,1.37,1.74,0.06,974,944,0.759,0.1,0.276
HD 9446b,222.482,9.47,0.26,2.48,4.85,0.19,618,588,0.388,0.194,0.275
599.01,7.405,2.3,0.61,1.4,1.79,0.07,965,935,0.746,0.102,0.275
904.01,5.951,2.1,0.64,1.35,1.68,0.03,990,960,0.773,0.098,0.275
601.01,6.935,1.7,1.41,2.4,2.02,0.06,1004,974,0.83,0.091,0.275
1306.03,8.544,1.8,1.46,2.64,2.18,0.07,986,956,0.812,0.093,0.274
1437.01,6.655,2.2,0.62,1.37,1.74,0.07,981,951,0.759,0.099,0.274
338.01,7.405,2.3,0.61,1.4,1.79,0.07,970,940,0.746,0.101,0.274
1148.01,6.655,2.2,0.62,1.37,1.74,0.1,982,952,0.759,0.099,0.274
623.02,6.935,1.7,1.41,2.4,2.02,0.13,1008,978,0.83,0.09,0.273
721.01,7.405,2.3,0.61,1.4,1.79,0.12,972,942,0.746,0.1,0.273
951.01,74.226,6,0.34,2.06,3.52,0.11,732,702,0.487,0.153,0.273
153.02,15.176,3.1,0.51,1.58,2.21,0.05,900,870,0.659,0.112,0.272
1304.01,8.544,1.8,1.46,2.64,2.18,0.06,994,964,0.812,0.091,0.272
429.01,43.411,4.8,0.39,1.88,3.01,0.08,790,760,0.542,0.136,0.272
HD 106252b,2164.434,24.41,0.15,3.63,9.42,2.61,197,167,0.234,0.315,0.271
HD 128311c,1020.24,17.85,0.18,3.2,7.56,1.76,171,141,0.277,0.265,0.271
HD 13931b,597.524,14.29,0.2,2.93,6.47,5.15,156,126,0.313,0.235,0.271
956.01,50.221,5.1,0.38,1.93,3.14,0.08,776,746,0.526,0.14,0.271
585.01,12.55,2,1.57,3.14,2.51,0.05,962,932,0.778,0.095,0.271
1114.01,6.655,2.2,0.62,1.37,1.74,0.07,990,960,0.759,0.097,0.271
417.01,196.722,9,0.27,2.43,4.68,0.14,638,608,0.398,0.185,0.271
1531.01,3.414,1.4,1.24,1.74,1.56,0.06,1079,1049,0.892,0.082,0.271
712.01,0.482,0.8,0.94,0.75,0.78,0.03,1131,1101,0.951,0.077,0.271
369.01,2.605,1.3,1.19,1.54,1.42,0.07,1103,1073,0.916,0.08,0.271
1475.01,8.544,1.8,1.46,2.64,2.18,0.02,999,969,0.812,0.09,0.271
mu Arae,576.547,14.08,0.21,2.91,6.4,5.24,154,124,0.315,0.232,0.27
HD 70642b,635.664,14.66,0.2,2.96,6.59,3.3,157,127,0.308,0.237,0.27
1445.01,1.945,1.2,1.13,1.35,1.27,0.08,1129,1099,0.942,0.078,0.27
360.01,2.605,1.3,1.19,1.54,1.42,0.07,1105,1075,0.916,0.08,0.27
676.02,12.928,2.9,0.53,1.54,2.11,0.03,924,894,0.678,0.107,0.27
HD 74156c,2552.189,26.14,0.14,3.74,9.88,3.85,201,171,0.225,0.321,0.269
994.01,4.392,1.5,1.3,1.95,1.71,0.05,1062,1032,0.87,0.083,0.269
1425.01,0.482,0.8,0.94,0.75,0.78,0.03,1136,1106,0.951,0.076,0.269
216.01,157.278,8.2,0.29,2.34,4.38,0.14,665,635,0.417,0.174,0.269
49.01,11.882,2.8,0.54,1.52,2.06,0.08,936,906,0.688,0.105,0.269
HD 187123c,632.485,14.63,0.2,2.96,6.58,4.89,155,125,0.309,0.233,0.268
HD 62509b,921.712,17.11,0.18,3.15,7.34,1.69,500,470,0.284,0.254,0.268
900.01,33.324,4.3,0.42,1.8,2.78,0.12,828,798,0.57,0.126,0.268
366.01,265.778,10.2,0.25,2.55,5.11,0.4,616,586,0.373,0.193,0.268
786.01,8.544,1.8,1.46,2.64,2.18,0.05,1010,980,0.812,0.088,0.267
1533.01,3.414,1.4,1.24,1.74,1.56,0.07,1092,1062,0.892,0.08,0.267
769.01,12.55,2,1.57,3.14,2.51,0.05,976,946,0.778,0.092,0.267
672.01,28.006,4,0.44,1.75,2.65,0.13,851,821,0.589,0.121,0.267
658.02,6.655,2.2,0.62,1.37,1.74,0.06,1005,975,0.759,0.094,0.267
HD 38529c,5625.623,36.31,0.12,4.27,12.45,3.69,234,204,0.187,0.379,0.266
1501.01,6.935,1.7,1.41,2.4,2.02,0.04,1033,1003,0.83,0.085,0.266
723.01,11.882,2.8,0.54,1.52,2.06,0.05,948,918,0.688,0.102,0.265
923.01,12.928,2.9,0.53,1.54,2.11,0.06,941,911,0.678,0.103,0.265
1488.01,9.943,2.6,0.57,1.47,1.96,0.05,971,941,0.71,0.098,0.264
934.01,16.38,3.2,0.5,1.6,2.26,0.06,919,889,0.65,0.107,0.264
955.01,7.405,2.3,0.61,1.4,1.79,0.07,1005,975,0.746,0.093,0.264
870.01,21.74,3.6,0.47,1.68,2.46,0.06,889,859,0.617,0.112,0.263
762.01,6.935,1.7,1.41,2.4,2.02,0.05,1043,1013,0.83,0.084,0.263
205.01,161.928,8.3,0.28,2.35,4.42,0.1,677,647,0.415,0.167,0.263
1353.01,1055.03,18.1,0.18,3.22,7.64,0.52,499,469,0.275,0.251,0.263
104.01,11.882,2.8,0.54,1.52,2.06,0.03,957,927,0.688,0.1,0.263
69.01,5.559,1.6,1.36,2.17,1.86,0.06,1066,1036,0.849,0.081,0.263
HD 183263c,1214.117,19.19,0.17,3.3,7.96,4.25,170,140,0.267,0.257,0.262
mu Arac,10.555,2.67,0.56,1.49,1.99,0.09,974,944,0.702,0.097,0.262
510.02,10.888,2.7,0.55,1.49,2.01,0.07,968,938,0.699,0.098,0.262
667.01,89.974,6.5,0.33,2.13,3.72,0.04,741,711,0.468,0.147,0.262
745.01,235.531,9.7,0.26,2.5,4.93,0.12,643,613,0.383,0.179,0.262
751.01,16.38,3.2,0.5,1.6,2.26,0.06,926,896,0.65,0.105,0.262
HD 145377b,1830.711,22.76,0.16,3.53,8.97,0.45,454,424,0.243,0.281,0.261
1434.01,3.414,1.4,1.24,1.74,1.56,0.03,1114,1084,0.892,0.077,0.261
780.01,6.655,2.2,0.62,1.37,1.74,0.03,1025,995,0.759,0.09,0.261
305.01,9.049,2.5,0.58,1.45,1.9,0.05,993,963,0.721,0.094,0.261
1505.01,6.655,2.2,0.62,1.37,1.74,0.06,1029,999,0.759,0.089,0.26
880.03,11.882,2.8,0.54,1.52,2.06,0.07,966,936,0.688,0.098,0.26
511.01,11.882,2.8,0.54,1.52,2.06,0.08,966,936,0.688,0.098,0.26
3.01,43.411,4.8,0.39,1.88,3.01,0.05,826,796,0.542,0.125,0.26
CoRoT-7c,8.391,1.79,1.46,2.62,2.17,0.05,1042,1012,0.813,0.083,0.259
678.01,6.935,1.7,1.41,2.4,2.02,0.07,1058,1028,0.83,0.081,0.259
711.02,2.605,1.3,1.19,1.54,1.42,0.05,1148,1118,0.916,0.073,0.259
922.01,10.888,2.7,0.55,1.49,2.01,0.06,981,951,0.699,0.096,0.259
HD 33283b,104.884,6.93,0.32,2.19,3.89,0.17,737,707,0.454,0.147,0.258
61 Virb,5.085,1.56,1.34,2.09,1.81,0.05,1093,1063,0.857,0.077,0.258
464.02,10.888,2.7,0.55,1.49,2.01,0.06,983,953,0.699,0.095,0.258
1468.01,23.22,3.7,0.46,1.7,2.51,0.08,903,873,0.61,0.108,0.257
1536.01,1,1,1,1,1,0.05,1239,1209,1,0.066,0.257
81 Cetb,1684.508,21.99,0.16,3.48,8.76,2.5,473,443,0.247,0.265,0.256
1129.01,10.888,2.7,0.55,1.49,2.01,0.06,989,959,0.699,0.094,0.256
197.01,272.085,10.3,0.25,2.56,5.14,0.13,645,615,0.371,0.176,0.256
361.01,2.605,1.3,1.19,1.54,1.42,0.04,1162,1132,0.916,0.071,0.255
725.01,100.282,6.8,0.32,2.17,3.84,0.07,750,720,0.458,0.142,0.255
223.01,10.888,2.7,0.55,1.49,2.01,0.04,994,964,0.699,0.093,0.255
302.01,24.758,3.8,0.45,1.71,2.55,0.18,903,873,0.603,0.108,0.255
151.01,39.189,4.6,0.4,1.85,2.92,0.11,853,823,0.552,0.117,0.255
408.01,21.74,3.6,0.47,1.68,2.46,0.07,919,889,0.617,0.105,0.254
456.02,6.935,1.7,1.41,2.4,2.02,0.05,1077,1047,0.83,0.078,0.254
521.01,26.353,3.9,0.44,1.73,2.6,0.09,898,868,0.596,0.109,0.254
234.01,20.317,3.5,0.47,1.66,2.41,0.09,927,897,0.625,0.103,0.254
861.01,4.392,1.5,1.3,1.95,1.71,0.03,1120,1090,0.87,0.074,0.254
1060.02,1.945,1.2,1.13,1.35,1.27,0.06,1193,1163,0.942,0.069,0.254
370.01,45.617,4.9,0.39,1.9,3.05,0.26,840,810,0.536,0.12,0.253
469.01,60.217,5.5,0.36,1.99,3.31,0.1,812,782,0.508,0.126,0.253
139.02,1.945,1.2,1.13,1.35,1.27,0.04,1199,1169,0.942,0.068,0.253
1221.02,55.087,5.3,0.37,1.96,3.23,0.3,822,792,0.517,0.123,0.253
193.01,588.74,14.2,0.21,2.92,6.44,0.23,578,548,0.314,0.203,0.252
791.01,111.248,7.1,0.31,2.21,3.96,0.11,748,718,0.448,0.142,0.252
512.01,9.943,2.6,0.57,1.47,1.96,0.07,1015,985,0.71,0.089,0.252
525.01,33.324,4.3,0.42,1.8,2.78,0.1,880,850,0.57,0.111,0.252
1597.01,5.951,2.1,0.64,1.35,1.68,0.08,1073,1043,0.773,0.082,0.252
1426.03,5546.35,36.1,0.12,4.26,12.4,0.57,382,352,0.188,0.337,0.252
220.01,9.943,2.6,0.57,1.47,1.96,0.03,1017,987,0.71,0.089,0.251
776.01,33.324,4.3,0.42,1.8,2.78,0.05,882,852,0.57,0.111,0.251
960.01,559.283,13.9,0.21,2.89,6.35,0.12,585,555,0.317,0.199,0.251
917.01,16.38,3.2,0.5,1.6,2.26,0.07,962,932,0.65,0.097,0.251
617.01,1013.48,17.8,0.18,3.2,7.55,0.22,529,499,0.278,0.227,0.251
687.01,6.935,1.7,1.41,2.4,2.02,0.05,1090,1060,0.83,0.076,0.251
671.01,3.414,1.4,1.24,1.74,1.56,0.05,1156,1126,0.892,0.071,0.251
846.01,704.394,15.3,0.2,3.01,6.79,0.18,564,534,0.301,0.209,0.251
1202.01,4.392,1.5,1.3,1.95,1.71,0.01,1134,1104,0.87,0.072,0.251
18 Delb,3273.667,28.99,0.13,3.9,10.63,2.6,427,397,0.212,0.296,0.25
HD 1461b,7.596,1.74,1.43,2.5,2.09,0.06,1086,1056,0.822,0.076,0.25
1095.01,2473.53,25.8,0.14,3.72,9.79,0.27,452,422,0.226,0.276,0.25
418.01,450.168,12.7,0.22,2.79,5.96,0.15,610,580,0.333,0.187,0.25
743.01,311.755,10.9,0.24,2.62,5.35,0.14,647,617,0.361,0.173,0.25
480.01,10.888,2.7,0.55,1.49,2.01,0.05,1015,985,0.699,0.089,0.249
1118.01,8.544,1.8,1.46,2.64,2.18,0.08,1079,1049,0.812,0.076,0.249
509.01,10.888,2.7,0.55,1.49,2.01,0.05,1018,988,0.699,0.088,0.248
246.01,10.408,1.9,1.52,2.88,2.34,0.06,1062,1032,0.794,0.078,0.248
1363.01,8.544,1.8,1.46,2.64,2.18,0.05,1082,1052,0.812,0.076,0.248
HD 168443c,5752.755,36.65,0.12,4.28,12.53,2.91,214,184,0.186,0.329,0.247
1116.01,3.414,1.4,1.24,1.74,1.56,0.05,1174,1144,0.892,0.068,0.247
rho CrBb,330.545,11.17,0.24,2.65,5.44,0.22,650,620,0.356,0.17,0.246
939.01,5.559,1.6,1.36,2.17,1.86,0.04,1129,1099,0.849,0.072,0.246
1001.01,9.943,2.6,0.57,1.47,1.96,0.16,1036,1006,0.71,0.086,0.246
1603.01,3.414,1.4,1.24,1.74,1.56,0.04,1176,1146,0.892,0.068,0.246
827.01,15.176,3.1,0.51,1.58,2.21,0.07,990,960,0.659,0.092,0.246
330.01,9.049,2.5,0.58,1.45,1.9,0.08,1051,1021,0.721,0.083,0.245
82.02,23.22,3.7,0.46,1.7,2.51,0.1,944,914,0.61,0.099,0.245
159.01,15.176,3.1,0.51,1.58,2.21,0.09,993,963,0.659,0.091,0.245
262.01,5.559,1.6,1.36,2.17,1.86,0.08,1136,1106,0.849,0.071,0.245
150.01,18.949,3.4,0.48,1.64,2.36,0.08,969,939,0.633,0.095,0.245
1474.01,339.968,11.3,0.24,2.66,5.49,0.36,652,622,0.354,0.169,0.245
398.02,20.317,3.5,0.47,1.66,2.41,0.05,962,932,0.625,0.096,0.244
377.03,1,1,1,1,1,0.03,1294,1264,1,0.06,0.244
341.01,17.637,3.3,0.49,1.62,2.31,0.07,979,949,0.641,0.093,0.244
110.01,12.928,2.9,0.53,1.54,2.11,0.1,1015,985,0.678,0.088,0.244
317.01,23.22,3.7,0.46,1.7,2.51,0.17,948,918,0.61,0.098,0.244
149.01,29.719,4.1,0.43,1.77,2.69,0.12,920,890,0.582,0.102,0.244
244.01,37.172,4.5,0.41,1.84,2.88,0.11,895,865,0.558,0.107,0.244
167.01,8.544,1.8,1.46,2.64,2.18,0.06,1102,1072,0.812,0.073,0.243
343.01,6.655,2.2,0.62,1.37,1.74,0.06,1095,1065,0.759,0.078,0.243
824.01,433.314,12.5,0.22,2.77,5.89,0.12,634,604,0.336,0.175,0.242
439.01,10.888,2.7,0.55,1.49,2.01,0.03,1044,1014,0.699,0.084,0.242
HD 217107c,791.401,16.06,0.19,3.07,7.02,5.27,144,114,0.294,0.198,0.241
281.01,23.22,3.7,0.46,1.7,2.51,0.15,960,930,0.61,0.095,0.241
1214.01,4.392,1.5,1.3,1.95,1.71,0.05,1176,1146,0.87,0.067,0.241
660.01,6.655,2.2,0.62,1.37,1.74,0.07,1107,1077,0.759,0.076,0.24
665.01,7.405,2.3,0.61,1.4,1.79,0.07,1096,1066,0.746,0.077,0.24
1396.02,10.408,1.9,1.52,2.88,2.34,0.05,1097,1067,0.794,0.072,0.24
HD 179079b,25.427,3.84,0.45,1.72,2.57,0.11,956,926,0.6,0.095,0.239
850.01,181.326,8.7,0.28,2.4,4.57,0.09,734,704,0.405,0.141,0.239
1337.01,3.414,1.4,1.24,1.74,1.56,0.03,1207,1177,0.892,0.064,0.239
579.01,4.392,1.5,1.3,1.95,1.71,0.03,1184,1154,0.87,0.066,0.239
741.01,1141.07,18.7,0.17,3.26,7.81,0.16,548,518,0.27,0.211,0.239
991.01,16.38,3.2,0.5,1.6,2.26,0.11,1011,981,0.65,0.087,0.238
876.01,207.395,9.2,0.27,2.45,4.75,0.07,723,693,0.394,0.144,0.238
1165.01,12.928,2.9,0.53,1.54,2.11,0.07,1039,1009,0.678,0.083,0.238
500.05,1.945,1.2,1.13,1.35,1.27,0.02,1265,1235,0.942,0.06,0.238
816.01,39.189,4.6,0.4,1.85,2.92,0.08,912,882,0.552,0.102,0.237
739.01,12.55,2,1.57,3.14,2.51,0.02,1088,1058,0.778,0.072,0.237
658.01,4.392,1.5,1.3,1.95,1.71,0.04,1192,1162,0.87,0.065,0.237
1089.02,65.615,5.7,0.35,2.02,3.39,0.11,854,824,0.499,0.113,0.237
423.01,229.736,9.6,0.26,2.49,4.89,0.15,715,685,0.385,0.146,0.237
654.01,12.928,2.9,0.53,1.54,2.11,0.09,1043,1013,0.678,0.083,0.237
HD 178911 Bb,1999.798,23.62,0.15,3.59,9.21,0.32,502,472,0.238,0.235,0.236
301.01,5.559,1.6,1.36,2.17,1.86,0.07,1172,1142,0.849,0.066,0.236
117.03,2.605,1.3,1.19,1.54,1.42,0.04,1247,1217,0.916,0.061,0.236
1236.02,6.935,1.7,1.41,2.4,2.02,0.07,1155,1125,0.83,0.067,0.235
787.01,12.928,2.9,0.53,1.54,2.11,0.05,1050,1020,0.678,0.082,0.235
1561.01,62.882,5.6,0.36,2.01,3.35,0.09,866,836,0.503,0.11,0.235
1511.01,5.559,1.6,1.36,2.17,1.86,0.04,1180,1150,0.849,0.065,0.235
1424.01,5.559,1.6,1.36,2.17,1.86,0.02,1181,1151,0.849,0.065,0.234
532.01,7.405,2.3,0.61,1.4,1.79,0.05,1119,1089,0.746,0.074,0.234
907.03,5.951,2.1,0.64,1.35,1.68,0.06,1145,1115,0.773,0.071,0.234
82.01,100.282,6.8,0.32,2.17,3.84,0.13,816,786,0.458,0.12,0.234
341.02,7.405,2.3,0.61,1.4,1.79,0.06,1121,1091,0.746,0.073,0.234
123.01,7.405,2.3,0.61,1.4,1.79,0.07,1121,1091,0.746,0.073,0.234
1385.01,682.463,15.1,0.2,2.99,6.73,0.14,611,581,0.303,0.18,0.234
HAT-P-11b,25.744,5.07,0.2,1,2.25,0.05,823,793,0.401,0.135,0.233
497.02,6.935,1.7,1.41,2.4,2.02,0.05,1165,1135,0.83,0.065,0.233
HD 87883b,565.741,13.97,0.21,2.9,6.37,3.6,130,100,0.316,0.17,0.232
1590.02,10.408,1.9,1.52,2.88,2.34,0.03,1128,1098,0.794,0.068,0.232
852.01,8.203,2.4,0.59,1.42,1.85,0.05,1116,1086,0.733,0.074,0.232
1341.01,5.559,1.6,1.36,2.17,1.86,0.06,1195,1165,0.849,0.063,0.231
280.01,15.176,3.1,0.51,1.58,2.21,0.11,1048,1018,0.659,0.081,0.231
1315.01,10.408,1.9,1.52,2.88,2.34,0.07,1136,1106,0.794,0.067,0.23
1605.01,8.544,1.8,1.46,2.64,2.18,0.06,1156,1126,0.812,0.065,0.23
295.01,12.55,2,1.57,3.14,2.51,0.06,1118,1088,0.778,0.068,0.23
903.01,62.882,5.6,0.36,2.01,3.35,0.06,883,853,0.503,0.105,0.23
265.01,1.416,1.1,1.06,1.17,1.13,0.05,1333,1303,0.97,0.054,0.23
508.01,24.758,3.8,0.45,1.71,2.55,0.08,995,965,0.603,0.088,0.23
242.01,65.615,5.7,0.35,2.02,3.39,0.07,880,850,0.499,0.106,0.23
830.01,135.203,7.7,0.3,2.28,4.19,0.04,797,767,0.431,0.122,0.23
1407.01,0.312,0.7,0.91,0.64,0.67,0.02,1275,1245,0.921,0.057,0.229
535.01,17.637,3.3,0.49,1.62,2.31,0.07,1041,1011,0.641,0.081,0.228
323.01,12.928,2.9,0.53,1.54,2.11,0.07,1081,1051,0.678,0.077,0.228
472.01,16.38,3.2,0.5,1.6,2.26,0.05,1053,1023,0.65,0.08,0.228
14 Herb,1474.739,20.81,0.16,3.41,8.42,2.77,150,120,0.255,0.203,0.227
HD 224693b,225.661,9.53,0.26,2.49,4.87,0.23,749,719,0.387,0.133,0.227
191.01,362.07,11.6,0.23,2.69,5.59,0.12,696,666,0.349,0.148,0.227
221.01,35.218,4.4,0.41,1.82,2.83,0.04,965,935,0.564,0.091,0.227
1306.02,6.655,2.2,0.62,1.37,1.74,0.05,1166,1136,0.759,0.068,0.227
HD 139357b,3102.038,28.35,0.14,3.86,10.46,2.36,487,457,0.215,0.237,0.226
200.01,103.864,6.9,0.32,2.18,3.88,0.07,840,810,0.455,0.112,0.226
893.01,9.943,2.6,0.57,1.47,1.96,0.05,1121,1091,0.71,0.072,0.226
756.02,9.943,2.6,0.57,1.47,1.96,0.05,1122,1092,0.71,0.072,0.226
858.01,247.374,9.9,0.25,2.52,5,0.11,743,713,0.379,0.134,0.226
HD 74156b,597.524,14.29,0.2,2.93,6.47,0.29,650,620,0.313,0.162,0.225
1502.01,10.408,1.9,1.52,2.88,2.34,0.03,1161,1131,0.794,0.064,0.225
627.01,12.928,2.9,0.53,1.54,2.11,0.08,1096,1066,0.678,0.074,0.224
355.01,12.55,2,1.57,3.14,2.51,0.06,1145,1115,0.778,0.065,0.224
115.02,6.655,2.2,0.62,1.37,1.74,0.08,1177,1147,0.759,0.066,0.224
1054.01,12.55,2,1.57,3.14,2.51,0.04,1146,1116,0.778,0.064,0.224
244.02,9.943,2.6,0.57,1.47,1.96,0.07,1131,1101,0.71,0.07,0.224
283.01,41.269,4.7,0.4,1.87,2.96,0.13,960,930,0.547,0.091,0.223
623.01,12.55,2,1.57,3.14,2.51,0.1,1151,1121,0.778,0.064,0.223
137.02,176.356,8.6,0.28,2.38,4.53,0.12,790,760,0.407,0.122,0.223
797.01,135.203,7.7,0.3,2.28,4.19,0.09,821,791,0.431,0.115,0.223
1309.01,9.049,2.5,0.58,1.45,1.9,0.1,1147,1117,0.721,0.069,0.223
665.03,0.482,0.8,0.94,0.75,0.78,0.04,1350,1320,0.951,0.052,0.222
1128.01,1,1,1,1,1,0.02,1408,1378,1,0.049,0.222
HD 131664b,5768.647,36.69,0.12,4.28,12.54,3.17,187,157,0.186,0.263,0.221
70 Virb,2364.669,25.32,0.15,3.69,9.67,0.48,525,495,0.229,0.213,0.221
647.01,8.544,1.8,1.46,2.64,2.18,0.06,1198,1168,0.812,0.06,0.221
171.01,9.049,2.5,0.58,1.45,1.9,0.07,1155,1125,0.721,0.068,0.221
1436.01,4.392,1.5,1.3,1.95,1.71,0.04,1270,1240,0.87,0.056,0.221
240.01,15.176,3.1,0.51,1.58,2.21,0.05,1093,1063,0.659,0.074,0.221
573.01,16.38,3.2,0.5,1.6,2.26,0.07,1084,1054,0.65,0.075,0.221
HD 30177b,2914.517,27.62,0.14,3.82,10.28,3.86,163,133,0.218,0.221,0.22
1338.01,6.935,1.7,1.41,2.4,2.02,0.04,1225,1195,0.83,0.058,0.22
1163.01,10.408,1.9,1.52,2.88,2.34,0.04,1183,1153,0.794,0.061,0.22
1015.02,5.559,1.6,1.36,2.17,1.86,0.05,1248,1218,0.849,0.057,0.22
63.01,93.338,6.6,0.32,2.14,3.76,0.09,874,844,0.465,0.104,0.22
941.01,57.618,5.4,0.37,1.98,3.27,0.07,934,904,0.512,0.094,0.22
55 Cncb,261.893,10.14,0.25,2.55,5.08,0.12,760,730,0.374,0.128,0.219
863.01,10.888,2.7,0.55,1.49,2.01,0.04,1139,1109,0.699,0.069,0.219
834.04,3.414,1.4,1.24,1.74,1.56,0.03,1303,1273,0.892,0.054,0.219
239.01,26.353,3.9,0.44,1.73,2.6,0.06,1033,1003,0.596,0.08,0.219
645.01,9.943,2.6,0.57,1.47,1.96,0.09,1154,1124,0.71,0.067,0.219
470.01,28.006,4,0.44,1.75,2.65,0.05,1027,997,0.589,0.081,0.218
327.01,2.605,1.3,1.19,1.54,1.42,0.04,1334,1304,0.916,0.052,0.218
384.01,12.55,2,1.57,3.14,2.51,0.06,1173,1143,0.778,0.061,0.218
1339.01,12.55,2,1.57,3.14,2.51,0.05,1180,1150,0.778,0.06,0.217
297.01,8.544,1.8,1.46,2.64,2.18,0.07,1222,1192,0.812,0.058,0.217
1342.01,5.559,1.6,1.36,2.17,1.86,0.05,1272,1242,0.849,0.055,0.216
HD 17156b,1020.876,11.48,0.67,7.75,9.43,0.16,830,800,0.526,0.088,0.215
1221.01,47.887,5,0.38,1.92,3.1,0.21,974,944,0.531,0.087,0.215
936.02,12.55,2,1.57,3.14,2.51,0.01,1191,1161,0.778,0.059,0.215
1240.01,4.392,1.5,1.3,1.95,1.71,0.03,1302,1272,0.87,0.053,0.214
1144.01,5.559,1.6,1.36,2.17,1.86,0.04,1280,1250,0.849,0.054,0.214
432.01,21.74,3.6,0.47,1.68,2.46,0.06,1079,1049,0.617,0.074,0.214
600.01,5.951,2.1,0.64,1.35,1.68,0.05,1243,1213,0.773,0.059,0.214
HD 130322b,343.258,11.35,0.24,2.67,5.5,0.09,749,719,0.353,0.128,0.213
1525.01,5.951,2.1,0.64,1.35,1.68,0.08,1244,1214,0.773,0.059,0.213
578.01,24.758,3.8,0.45,1.71,2.55,0.07,1065,1035,0.603,0.075,0.213
1299.01,265.778,10.2,0.25,2.55,5.11,0.3,778,748,0.373,0.122,0.213
1019.01,1.945,1.2,1.13,1.35,1.27,0.04,1394,1364,0.942,0.048,0.213
85.03,12.55,2,1.57,3.14,2.51,0.08,1207,1177,0.778,0.057,0.211
975.01,1.416,1.1,1.06,1.17,1.13,0.04,1434,1404,0.97,0.046,0.211
583.01,5.559,1.6,1.36,2.17,1.86,0.04,1296,1266,0.849,0.052,0.211
607.01,100.282,6.8,0.32,2.17,3.84,0.06,901,871,0.458,0.097,0.211
261.01,62.882,5.6,0.36,2.01,3.35,0.13,959,929,0.503,0.088,0.211
833.01,33.324,4.3,0.42,1.8,2.78,0.05,1042,1012,0.57,0.077,0.21
55 Cncd,1218.885,19.22,0.17,3.3,7.97,5.77,133,103,0.266,0.165,0.209
HD 49674b,36.551,4.47,0.41,1.83,2.86,0.06,1035,1005,0.56,0.078,0.209
928.01,7.405,2.3,0.61,1.4,1.79,0.04,1238,1208,0.746,0.059,0.209
481.02,6.935,1.7,1.41,2.4,2.02,0.03,1283,1253,0.83,0.053,0.209
1369.01,8.544,1.8,1.46,2.64,2.18,0.04,1269,1239,0.812,0.053,0.207
46.01,16.38,3.2,0.5,1.6,2.26,0.04,1147,1117,0.65,0.066,0.207
813.01,89.974,6.5,0.33,2.13,3.72,0.05,932,902,0.468,0.091,0.207
763.01,493.955,13.2,0.21,2.83,6.12,0.15,730,700,0.326,0.131,0.207
339.01,4.392,1.5,1.3,1.95,1.71,0.03,1349,1319,0.87,0.049,0.206
284.03,10.408,1.9,1.52,2.88,2.34,0.07,1258,1228,0.794,0.053,0.206
137.03,7.405,2.3,0.61,1.4,1.79,0.05,1258,1228,0.746,0.057,0.205
284.02,12.55,2,1.57,3.14,2.51,0.07,1241,1211,0.778,0.054,0.205
55 Cnce,7.628,1.74,1.44,2.51,2.09,0.04,1300,1270,0.821,0.051,0.204
428.01,62.882,5.6,0.36,2.01,3.35,0.07,989,959,0.503,0.083,0.204
1020.01,1668.1,21.9,0.16,3.48,8.73,0.29,610,580,0.248,0.167,0.203
526.01,9.943,2.6,0.57,1.47,1.96,0.03,1233,1203,0.71,0.058,0.203
452.01,7.405,2.3,0.61,1.4,1.79,0.05,1272,1242,0.746,0.055,0.203
188.01,148.214,8,0.29,2.32,4.31,0.05,889,859,0.422,0.097,0.202
398.03,10.408,1.9,1.52,2.88,2.34,0.03,1276,1246,0.794,0.051,0.202
944.01,26.353,3.9,0.44,1.73,2.6,0.04,1110,1080,0.596,0.069,0.202
953.01,35.218,4.4,0.41,1.82,2.83,0.05,1075,1045,0.564,0.072,0.202
137.01,74.226,6,0.34,2.06,3.52,0.08,979,949,0.487,0.083,0.202
HD 108147b,82.954,6.28,0.33,2.1,3.63,0.1,969,939,0.476,0.084,0.201
890.01,131.021,7.6,0.3,2.27,4.15,0.08,908,878,0.434,0.094,0.201
889.01,369.619,11.7,0.23,2.7,5.62,0.08,784,754,0.347,0.116,0.201
1510.01,8.544,1.8,1.46,2.64,2.18,0.02,1305,1275,0.812,0.05,0.201
698.01,392.813,12,0.23,2.73,5.72,0.1,778,748,0.343,0.118,0.201
112.02,6.935,1.7,1.41,2.4,2.02,0.05,1330,1300,0.83,0.049,0.201
HD 11977b,2078.62,24,0.15,3.61,9.31,1.93,599,569,0.236,0.169,0.2
777.01,5509.49,36,0.12,4.25,12.38,0.23,501,471,0.188,0.214,0.2
510.01,10.888,2.7,0.55,1.49,2.01,0.04,1238,1208,0.699,0.057,0.2
168.01,23.22,3.7,0.46,1.7,2.51,0.1,1142,1112,0.61,0.065,0.199
851.01,60.217,5.5,0.36,1.99,3.31,0.06,1019,989,0.508,0.078,0.199
988.01,83.463,6.3,0.33,2.1,3.64,0.1,977,947,0.476,0.083,0.199
794.01,5.951,2.1,0.64,1.35,1.68,0.04,1326,1296,0.773,0.051,0.198
771.01,671.649,15,0.2,2.99,6.69,9.51,114,84,0.305,0.128,0.198
756.03,8.544,1.8,1.46,2.64,2.18,0.04,1324,1294,0.812,0.048,0.198
782.01,62.882,5.6,0.36,2.01,3.35,0.07,1019,989,0.503,0.077,0.197
710.01,6.935,1.7,1.41,2.4,2.02,0.07,1350,1320,0.83,0.047,0.197
961.01,26.353,3.9,0.44,1.73,2.6,0.02,1136,1106,0.596,0.065,0.197
800.01,10.888,2.7,0.55,1.49,2.01,0.04,1254,1224,0.699,0.056,0.197
1059.01,3.414,1.4,1.24,1.74,1.56,0.02,1430,1400,0.892,0.043,0.197
354.01,45.617,4.9,0.39,1.9,3.05,0.13,1064,1034,0.536,0.072,0.197
94.02,28.006,4,0.44,1.75,2.65,0.1,1129,1099,0.589,0.066,0.197
GJ 86b,1274.505,19.58,0.17,3.32,8.07,0.11,663,633,0.264,0.145,0.196
926.01,18.949,3.4,0.48,1.64,2.36,0.04,1184,1154,0.633,0.061,0.196
673.01,8.544,1.8,1.46,2.64,2.18,0.06,1333,1303,0.812,0.047,0.196
916.01,26.353,3.9,0.44,1.73,2.6,0.04,1142,1112,0.596,0.064,0.196
116.01,41.269,4.7,0.4,1.87,2.96,0.12,1087,1057,0.547,0.069,0.195
822.01,354.613,11.5,0.23,2.68,5.55,0.08,813,783,0.351,0.108,0.195
191.02,11.882,2.8,0.54,1.52,2.06,0.04,1256,1226,0.688,0.055,0.195
HD 114762b,3502.506,29.82,0.13,3.94,10.84,0.3,564,534,0.209,0.18,0.194
HAT-P-15b,618.501,12.03,0.36,4.27,7.17,0.1,852,822,0.413,0.091,0.194
141.01,33.324,4.3,0.42,1.8,2.78,0.04,1120,1090,0.57,0.066,0.194
883.01,253.423,10,0.25,2.53,5.04,0.03,859,829,0.377,0.099,0.194
880.04,12.55,2,1.57,3.14,2.51,0.04,1305,1275,0.778,0.048,0.193
442.02,3.414,1.4,1.24,1.74,1.56,0.03,1455,1425,0.892,0.042,0.193
168.03,12.55,2,1.57,3.14,2.51,0.08,1310,1280,0.778,0.048,0.193
HD 168443b,2549.011,26.12,0.14,3.73,9.88,0.3,604,574,0.225,0.164,0.192
766.01,24.758,3.8,0.45,1.71,2.55,0.05,1174,1144,0.603,0.061,0.191
212.01,89.974,6.5,0.33,2.13,3.72,0.06,1007,977,0.468,0.077,0.19
192.01,247.374,9.9,0.25,2.52,5,0.1,885,855,0.379,0.094,0.188
155.01,24.758,3.8,0.45,1.71,2.55,0.07,1194,1164,0.603,0.059,0.188
HD 168746b,73.101,5.96,0.34,2.06,3.5,0.07,1049,1019,0.489,0.072,0.187
597.02,3.414,1.4,1.24,1.74,1.56,0.03,1494,1464,0.892,0.039,0.187
371.01,18886,60.1,0.09,5.23,17.73,0.92,430,400,0.14,0.248,0.186
1391.01,161.928,8.3,0.28,2.35,4.42,0.08,951,921,0.415,0.083,0.186
138.01,856.943,16.6,0.19,3.11,7.19,0.28,746,716,0.288,0.119,0.186
1152.01,1215.79,19.2,0.17,3.3,7.96,0.05,706,676,0.266,0.129,0.186
343.02,5.559,1.6,1.36,2.17,1.86,0.03,1451,1421,0.849,0.04,0.185
623.03,8.544,1.8,1.46,2.64,2.18,0.07,1403,1373,0.812,0.042,0.185
1003.01,578.823,14.1,0.21,2.91,6.41,0.08,796,766,0.315,0.108,0.185
22.01,218.398,9.4,0.26,2.47,4.82,0.08,920,890,0.389,0.087,0.184
1314.01,20.317,3.5,0.47,1.66,2.41,0.09,1243,1213,0.625,0.054,0.184
913.01,202.017,9.1,0.27,2.44,4.71,0.05,932,902,0.396,0.085,0.184
938.02,2.605,1.3,1.19,1.54,1.42,0.02,1555,1525,0.916,0.036,0.183
379.01,15.176,3.1,0.51,1.58,2.21,0.07,1297,1267,0.659,0.05,0.182
HD 102195b,143.024,7.88,0.29,2.3,4.26,0.05,993,963,0.426,0.077,0.181
1560.01,3441.59,29.6,0.13,3.93,10.79,0.2,610,580,0.21,0.156,0.181
779.01,458.735,12.8,0.22,2.8,5.99,0.1,851,821,0.331,0.096,0.179
433.01,68.417,5.8,0.35,2.03,3.44,0.05,1106,1076,0.495,0.064,0.178
115.01,18.949,3.4,0.48,1.64,2.36,0.06,1290,1260,0.633,0.05,0.178
931.01,176.356,8.6,0.28,2.38,4.53,0.05,978,948,0.407,0.078,0.178
680.01,131.021,7.6,0.3,2.27,4.15,0.09,1019,989,0.434,0.073,0.178
GJ 179b,260.622,10.12,0.25,2.55,5.08,2.41,89,59,0.375,0.084,0.177
1306.01,5.951,2.1,0.64,1.35,1.68,0.03,1461,1431,0.773,0.041,0.177
254.01,476.155,13,0.22,2.82,6.05,0.03,854,824,0.329,0.095,0.177
554.01,77.235,6.1,0.34,2.08,3.56,0.05,1098,1068,0.483,0.065,0.177
941.02,18.949,3.4,0.48,1.64,2.36,0.04,1299,1269,0.633,0.049,0.177
1557.01,52.621,5.2,0.37,1.95,3.18,0.04,1153,1123,0.522,0.06,0.177
1376.01,11.882,2.8,0.54,1.52,2.06,0.09,1367,1337,0.688,0.045,0.177
368.01,959.598,17.4,0.18,3.17,7.43,0.54,772,742,0.281,0.11,0.176
WASP-10b,972.565,12.12,0.55,6.62,8.96,0.04,977,947,0.483,0.064,0.175
755.01,11.882,2.8,0.54,1.52,2.06,0.04,1380,1350,0.688,0.044,0.175
728.01,247.374,9.9,0.25,2.52,5,0.07,952,922,0.379,0.08,0.174
257.01,28.006,4,0.44,1.75,2.65,0.07,1260,1230,0.589,0.051,0.174
1549.01,4404.81,32.8,0.12,4.09,11.59,0.19,609,579,0.198,0.153,0.174
168.02,10.408,1.9,1.52,2.88,2.34,0.06,1457,1427,0.794,0.038,0.174
94.01,441.694,12.6,0.22,2.78,5.92,0.17,881,851,0.334,0.09,0.173
665.02,1.945,1.2,1.13,1.35,1.27,0.03,1666,1636,0.942,0.032,0.173
85.01,16.38,3.2,0.5,1.6,2.26,0.07,1348,1318,0.65,0.046,0.173
1300.01,6.935,1.7,1.41,2.4,2.02,0.01,1515,1485,0.83,0.036,0.173
1367.01,1.945,1.2,1.13,1.35,1.27,0.01,1669,1639,0.942,0.032,0.172
4.01,28.006,4,0.44,1.75,2.65,0.05,1272,1242,0.589,0.05,0.172
1428.01,10.408,1.9,1.52,2.88,2.34,0.02,1469,1439,0.794,0.037,0.172
805.01,608.871,14.4,0.2,2.94,6.5,0.09,850,820,0.311,0.094,0.171
1177.01,241.41,9.8,0.26,2.51,4.96,0.04,975,945,0.381,0.076,0.171
CoRoT-6b,940.782,13.08,0.42,5.5,8.48,0.09,960,930,0.431,0.067,0.17
12.01,441.694,12.6,0.22,2.78,5.92,0.14,898,868,0.334,0.086,0.17
573.02,5.951,2.1,0.64,1.35,1.68,0.03,1521,1491,0.773,0.037,0.169
7.01,23.22,3.7,0.46,1.7,2.51,0.04,1320,1290,0.61,0.047,0.169
217.01,278.478,10.4,0.25,2.57,5.18,0.05,965,935,0.369,0.077,0.169
1050.01,7.405,2.3,0.61,1.4,1.79,0.02,1492,1462,0.746,0.038,0.169
1053.01,10.408,1.9,1.52,2.88,2.34,0.02,1496,1466,0.794,0.036,0.168
1387.01,3875.84,31.1,0.13,4.01,11.17,0.17,645,615,0.204,0.139,0.168
625.01,682.463,15.1,0.2,2.99,6.73,0.24,858,828,0.303,0.091,0.167
304.01,47.887,5,0.38,1.92,3.1,0.09,1229,1199,0.531,0.052,0.167
929.01,196.722,9,0.27,2.43,4.68,0.07,1028,998,0.398,0.069,0.166
688.01,9.049,2.5,0.58,1.45,1.9,0.04,1495,1465,0.721,0.038,0.164
760.01,235.531,9.7,0.26,2.5,4.93,0.06,1012,982,0.383,0.071,0.164
506.01,9.049,2.5,0.58,1.45,1.9,0.03,1498,1468,0.721,0.037,0.164
292.01,12.55,2,1.57,3.14,2.51,0.04,1508,1478,0.778,0.034,0.164
CoRoT-7b,4.799,1.68,1.01,1.69,1.69,0.02,1685,1655,0.917,0.029,0.163
201.01,139.463,7.8,0.29,2.29,4.23,0.05,1094,1064,0.428,0.062,0.163
517.01,21.74,3.6,0.47,1.68,2.46,0.04,1373,1343,0.617,0.043,0.163
838.01,139.463,7.8,0.29,2.29,4.23,0.06,1096,1066,0.428,0.062,0.163
732.01,12.928,2.9,0.53,1.54,2.11,0.02,1454,1424,0.678,0.039,0.163
HD 46375b,79.14,6.16,0.34,2.08,3.58,0.04,1181,1151,0.481,0.055,0.162
961.03,298.181,10.7,0.24,2.6,5.28,0.03,994,964,0.364,0.072,0.162
674.01,339.968,11.3,0.24,2.66,5.49,0.14,989,959,0.354,0.072,0.159
1227.01,161.928,8.3,0.28,2.35,4.42,0.03,1096,1066,0.415,0.061,0.159
190.01,820.186,16.3,0.19,3.09,7.1,0.11,873,843,0.291,0.087,0.159
843.01,83.463,6.3,0.33,2.1,3.64,0.05,1199,1169,0.476,0.053,0.159
HD 81688b,858.146,16.61,0.19,3.11,7.19,0.81,870,840,0.288,0.087,0.158
42 Drab,1233.187,19.31,0.17,3.31,7.99,1.19,827,797,0.266,0.094,0.158
1176.01,325.683,11.1,0.24,2.64,5.42,0.03,1004,974,0.357,0.07,0.158
HD 195019b,1175.978,18.94,0.17,3.28,7.88,0.14,835,805,0.269,0.092,0.157
14 Andb,1525.593,21.1,0.16,3.43,8.51,0.83,803,773,0.253,0.098,0.157
204.01,143.799,7.9,0.29,2.3,4.27,0.04,1128,1098,0.425,0.058,0.157
1013.01,5.559,1.6,1.36,2.17,1.86,0.01,1671,1641,0.849,0.029,0.157
206.01,148.214,8,0.29,2.32,4.31,0.06,1132,1102,0.422,0.057,0.156
229.01,74.226,6,0.34,2.06,3.52,0.05,1237,1207,0.487,0.05,0.156
HD 32518b,966.209,17.45,0.18,3.17,7.44,0.59,871,841,0.281,0.086,0.155
105.01,152.707,8.1,0.29,2.33,4.34,0.09,1130,1100,0.42,0.057,0.155
496.01,10.888,2.7,0.55,1.49,2.01,0.03,1544,1514,0.699,0.034,0.155
HD 217107b,422.716,12.37,0.22,2.76,5.85,0.07,998,968,0.337,0.069,0.153
HD 162020b,4370.187,32.69,0.13,4.09,11.57,0.07,701,671,0.198,0.116,0.152
144.01,93.338,6.6,0.32,2.14,3.76,0.05,1228,1198,0.465,0.05,0.152
72.01,2.605,1.3,1.19,1.54,1.42,0.02,1820,1790,0.916,0.025,0.152
984.01,35.218,4.4,0.41,1.82,2.83,0.05,1388,1358,0.564,0.04,0.151
425.01,493.955,13.2,0.21,2.83,6.12,0.06,997,967,0.326,0.068,0.149
161.01,55.087,5.3,0.37,1.96,3.23,0.04,1336,1306,0.517,0.043,0.149
403.01,6970.22,39.7,0.11,4.42,13.25,0.15,667,637,0.178,0.123,0.148
HD 38529b,247.909,9.91,0.25,2.52,5,0.13,1114,1084,0.379,0.057,0.147
685.01,11.882,2.8,0.54,1.52,2.06,0.04,1600,1570,0.688,0.031,0.147
HD 76700b,62.613,5.59,0.36,2,3.35,0.05,1332,1302,0.504,0.043,0.146
HD 219828b,20.977,3.55,0.47,1.67,2.43,0.05,1516,1486,0.621,0.034,0.146
410.01,425.028,12.4,0.22,2.76,5.86,0.08,1039,1009,0.337,0.063,0.146
127.01,235.531,9.7,0.26,2.5,4.93,0.05,1128,1098,0.383,0.056,0.146
HAT-P-3b,190.381,9.99,0.19,1.91,4.37,0.04,1082,1052,0.333,0.063,0.145
1169.01,1.945,1.2,1.13,1.35,1.27,0.01,1925,1895,0.942,0.022,0.145
412.01,118.931,7.3,0.31,2.23,4.04,0.05,1241,1211,0.442,0.048,0.145
976.01,2883.59,27.5,0.14,3.81,10.24,0.34,787,757,0.219,0.096,0.145
774.01,761.004,15.8,0.19,3.05,6.94,0.08,969,939,0.296,0.07,0.144
1546.01,68.417,5.8,0.35,2.03,3.44,0.02,1339,1309,0.495,0.042,0.144
HD 83443b,127.133,7.51,0.3,2.26,4.12,0.04,1247,1217,0.436,0.047,0.143
191.03,3.414,1.4,1.24,1.74,1.56,0.02,1869,1839,0.892,0.023,0.143
18.01,157.278,8.2,0.29,2.34,4.38,0.04,1210,1180,0.417,0.049,0.143
183.01,247.374,9.9,0.25,2.52,5,0.04,1143,1113,0.379,0.054,0.143
644.01,5255.48,35.3,0.12,4.22,12.21,0.27,728,698,0.19,0.106,0.142
611.01,118.931,7.3,0.31,2.23,4.04,0.04,1265,1235,0.442,0.045,0.142
11 UMib,3337.234,29.22,0.13,3.91,10.69,1.54,787,757,0.211,0.095,0.141
840.01,298.181,10.7,0.24,2.6,5.28,0.04,1128,1098,0.364,0.054,0.141
OGLE-TR-111b,171.629,12.09,0.1,1.18,3.77,0.05,965,935,0.231,0.084,0.14
Kepler-4b,24.473,4.01,0.38,1.52,2.47,0.05,1505,1475,0.558,0.035,0.139
258.01,37.172,4.5,0.41,1.84,2.88,0.05,1479,1449,0.558,0.035,0.139
HAT-P-12b,67.063,10.76,0.05,0.58,2.5,0.04,906,876,0.177,0.108,0.138
131.01,196.722,9,0.27,2.43,4.68,0.06,1211,1181,0.398,0.048,0.138
1150.01,0.312,0.7,0.91,0.64,0.67,0.01,1970,1940,0.921,0.02,0.137
HIP 14810b,1233.187,19.31,0.17,3.31,7.99,0.07,950,920,0.266,0.07,0.136
1241.01,278.478,10.4,0.25,2.57,5.18,0.17,1172,1142,0.369,0.05,0.136
85.02,6.935,1.7,1.41,2.4,2.02,0.04,1853,1823,0.83,0.022,0.136
199.01,181.326,8.7,0.28,2.4,4.57,0.04,1246,1216,0.405,0.045,0.136
208.01,171.467,8.5,0.28,2.37,4.49,0.04,1259,1229,0.41,0.045,0.135
17.01,218.398,9.4,0.26,2.47,4.82,0.04,1222,1192,0.389,0.047,0.135
51 Pegb,148.745,8.01,0.29,2.32,4.31,0.05,1289,1259,0.422,0.043,0.134
HD 102272b,1875.207,22.99,0.15,3.55,9.03,0.61,908,878,0.241,0.074,0.134
135.01,161.928,8.3,0.28,2.35,4.42,0.04,1280,1250,0.415,0.043,0.134
799.01,37.172,4.5,0.41,1.84,2.88,0.03,1541,1511,0.558,0.032,0.133
895.01,458.735,12.8,0.22,2.8,5.99,0.05,1123,1093,0.331,0.053,0.133
HD 68988b,603.88,14.35,0.2,2.93,6.49,0.07,1083,1053,0.312,0.056,0.132
908.01,347.245,11.4,0.23,2.67,5.52,0.06,1170,1140,0.352,0.05,0.132
703.01,6.935,1.7,1.41,2.4,2.02,0.03,1896,1866,0.83,0.021,0.132
1230.01,12252.6,50.2,0.1,4.86,15.63,0.67,680,650,0.155,0.112,0.132
214.01,400.728,12.1,0.23,2.74,5.76,0.04,1149,1119,0.341,0.051,0.132
194.01,392.813,12,0.23,2.73,5.72,0.04,1163,1133,0.343,0.05,0.131
XO-5b,410.361,12.22,0.22,2.75,5.8,0.05,1164,1134,0.34,0.049,0.13
CoRoT-4b,228.839,13.35,0.1,1.28,4.14,0.09,1006,976,0.223,0.075,0.13
1187.01,9.049,2.5,0.58,1.45,1.9,0.01,1819,1789,0.721,0.024,0.13
421.01,619.084,14.5,0.2,2.94,6.54,0.05,1098,1068,0.31,0.054,0.13
186.01,354.613,11.5,0.23,2.68,5.55,0.04,1186,1156,0.351,0.048,0.13
697.01,28.006,4,0.44,1.75,2.65,0.04,1631,1601,0.589,0.028,0.129
5.01,107.519,7,0.31,2.19,3.92,0.06,1406,1376,0.452,0.036,0.127
195.01,384.99,11.9,0.23,2.72,5.69,0.04,1195,1165,0.344,0.047,0.127
20.01,458.735,12.8,0.22,2.8,5.99,0.05,1175,1145,0.331,0.048,0.126
HD 189733b,365.507,12.92,0.17,2.19,5.32,0.03,1143,1113,0.295,0.053,0.125
WASP-7b,305.119,10.27,0.28,2.89,5.45,0.06,1292,1262,0.392,0.04,0.125
1543.01,660.936,14.9,0.2,2.98,6.66,0.05,1132,1102,0.306,0.05,0.124
97.01,318.675,11,0.24,2.63,5.38,0.06,1256,1226,0.359,0.043,0.124
972.01,55.087,5.3,0.37,1.96,3.23,0.13,1570,1540,0.517,0.029,0.123
609.01,392.813,12,0.23,2.73,5.72,0.05,1230,1200,0.343,0.044,0.123
WASP-16b,271.746,11.31,0.19,2.12,4.9,0.04,1222,1192,0.32,0.047,0.122
HD 187123b,165.273,8.37,0.28,2.36,4.44,0.04,1384,1354,0.413,0.036,0.122
340.01,3669.44,30.4,0.13,3.97,10.99,0.17,892,862,0.207,0.072,0.122
1459.01,103.864,6.9,0.32,2.18,3.88,0.01,1465,1435,0.455,0.033,0.122
HD 75289b,133.489,7.66,0.3,2.28,4.18,0.05,1431,1401,0.432,0.034,0.121
WASP-2b,269.204,11.7,0.17,1.97,4.8,0.03,1212,1182,0.301,0.048,0.12
1241.02,107.519,7,0.31,2.19,3.92,0.11,1476,1446,0.452,0.032,0.12
882.01,530.705,13.6,0.21,2.87,6.25,0.03,1206,1176,0.321,0.045,0.12
10.01,284.959,10.5,0.25,2.58,5.21,0.05,1317,1287,0.368,0.039,0.119
XO-1b,286.049,13.29,0.12,1.62,4.64,0.05,1136,1106,0.251,0.056,0.118
HD 88133b,69.923,5.85,0.35,2.04,3.46,0.05,1583,1553,0.493,0.028,0.118
256.01,650.323,14.8,0.2,2.97,6.63,0.02,1190,1160,0.307,0.045,0.118
OGLE-TR-113b,394.111,12.46,0.2,2.54,5.63,0.02,1255,1225,0.324,0.042,0.117
HD 185269b,298.762,10.71,0.24,2.61,5.28,0.08,1333,1303,0.364,0.037,0.117
XO-2b,181.164,10.92,0.14,1.52,4.07,0.04,1234,1204,0.281,0.048,0.116
684.01,161.928,8.3,0.28,2.35,4.42,0.05,1444,1414,0.415,0.033,0.116
HAT-P-2b,2777.85,13.35,1.17,15.58,14.43,0.07,1398,1368,0.544,0.024,0.115
552.01,332.781,11.2,0.24,2.65,5.45,0.04,1346,1316,0.355,0.036,0.113
767.01,588.74,14.2,0.21,2.92,6.44,0.04,1251,1221,0.314,0.041,0.113
HD 73256b,594.345,14.26,0.21,2.92,6.46,0.04,1256,1226,0.313,0.04,0.112
196.01,253.423,10,0.25,2.53,5.04,0.03,1407,1377,0.377,0.033,0.112
356.01,68.417,5.8,0.35,2.03,3.44,0.03,1685,1655,0.495,0.024,0.11
HD 149026b,113.148,6.85,0.35,2.41,4.07,0.04,1635,1605,0.476,0.025,0.109
1419.01,68.417,5.8,0.35,2.03,3.44,0.02,1704,1674,0.495,0.024,0.108
1442.01,5.559,1.6,1.36,2.17,1.86,0.01,2272,2242,0.849,0.014,0.108
HD 179949b,301.94,10.76,0.24,2.61,5.3,0.04,1429,1399,0.363,0.032,0.107
128.01,749.478,15.7,0.19,3.04,6.91,0.06,1270,1240,0.297,0.039,0.107
299.01,21.74,3.6,0.47,1.68,2.46,0.03,2032,2002,0.617,0.017,0.102
1285.01,148.214,8,0.29,2.32,4.31,0.02,1636,1606,0.422,0.025,0.102
897.01,392.813,12,0.23,2.73,5.72,0.03,1447,1417,0.343,0.03,0.102
801.01,229.736,9.6,0.26,2.49,4.89,0.03,1555,1525,0.385,0.027,0.101
HAT-P-16b,1332.669,14.46,0.44,6.37,9.6,0.04,1516,1486,0.427,0.023,0.099
HAT-P-14b,699.23,13.47,0.29,3.86,7.21,0.06,1477,1447,0.367,0.027,0.099
HAT-P-1b,166.544,13.66,0.07,0.89,3.49,0.06,1213,1183,0.183,0.052,0.098
225.01,45.617,4.9,0.39,1.9,3.05,0.02,1933,1903,0.536,0.018,0.098
WASP-22b,177.986,12.57,0.09,1.13,3.76,0.05,1330,1300,0.219,0.041,0.095
1382.01,2099.69,24.1,0.15,3.62,9.34,0.05,1221,1191,0.235,0.038,0.095
CoRoT-2b,1052.023,16.44,0.24,3.89,8,0.03,1436,1406,0.321,0.028,0.094
809.01,408.735,12.2,0.23,2.75,5.79,0.03,1542,1512,0.34,0.026,0.094
HD 86081b,476.748,13.01,0.22,2.82,6.06,0.04,1517,1487,0.329,0.027,0.093
WASP-26b,324.188,14.81,0.1,1.48,4.68,0.04,1321,1291,0.221,0.039,0.093
XO-3b,3747.237,13.66,1.47,20.09,16.57,0.05,1592,1562,0.504,0.017,0.093
98.01,400.728,12.1,0.23,2.74,5.76,0.08,1558,1528,0.341,0.025,0.093
202.01,354.613,11.5,0.23,2.68,5.55,0.03,1589,1559,0.351,0.024,0.093
WASP-14b,2455.251,14.13,0.87,12.3,13.19,0.04,1721,1691,0.538,0.015,0.091
OGLE-TR-182b,336.902,16.5,0.08,1.24,4.52,0.05,1265,1235,0.187,0.044,0.091
100.01,530.705,13.6,0.21,2.87,6.25,0.1,1523,1493,0.321,0.026,0.091
981.01,71.287,5.9,0.35,2.05,3.48,0.06,1958,1928,0.491,0.017,0.091
64.01,171.467,8.5,0.28,2.37,4.49,0.03,1790,1760,0.41,0.02,0.09
HAT-P-5b,336.902,14.14,0.12,1.69,4.88,0.04,1437,1407,0.244,0.032,0.089
203.01,549.66,13.8,0.21,2.89,6.31,0.03,1548,1518,0.318,0.025,0.089
WASP-5b,520.291,13.14,0.23,3.01,6.29,0.03,1614,1584,0.336,0.023,0.087
961.02,608.871,14.4,0.2,2.94,6.5,0.01,1554,1524,0.311,0.025,0.087
1541.01,1439.91,20.6,0.16,3.39,8.36,0.04,1424,1394,0.256,0.028,0.085
823.01,181.326,8.7,0.28,2.4,4.57,0.02,1904,1874,0.405,0.017,0.082
HD 209458b,203.412,15.49,0.05,0.85,3.63,0.05,1344,1314,0.162,0.041,0.081
Kepler-6b,212.629,14.85,0.06,0.96,3.79,0.05,1404,1374,0.179,0.036,0.081
1448.01,1976.22,23.5,0.15,3.58,9.17,0.04,1413,1383,0.238,0.028,0.081
2.01,362.07,11.6,0.23,2.69,5.59,0.04,1773,1743,0.349,0.019,0.081
tau Boob,1239.544,19.36,0.17,3.31,8.01,0.05,1545,1515,0.265,0.023,0.079
1540.01,1231.07,19.3,0.17,3.31,7.99,0.02,1546,1516,0.266,0.023,0.079
HAT-P-13b,270.157,14.36,0.09,1.31,4.34,0.04,1535,1505,0.213,0.029,0.078
HAT-P-9b,247.909,15.71,0.06,1,3.97,0.05,1428,1398,0.174,0.035,0.078
HAT-P-6b,335.948,14.92,0.1,1.51,4.75,0.05,1560,1530,0.222,0.027,0.077
CoRoT-5b,148.427,15.58,0.04,0.61,3.09,0.05,1347,1317,0.136,0.042,0.076
Kepler-5b,671.896,16.06,0.16,2.61,6.47,0.05,1683,1653,0.273,0.02,0.075
1401.01,12.55,2,1.57,3.14,2.51,0.01,2850,2820,0.778,0.007,0.075
102.01,103.864,6.9,0.32,2.18,3.88,0.03,2205,2175,0.455,0.012,0.075
HAT-P-4b,216.126,14.25,0.07,1.06,3.9,0.04,1573,1543,0.194,0.028,0.073
HAT-P-8b,483.104,16.83,0.1,1.71,5.36,0.05,1588,1558,0.215,0.025,0.073
OGLE-TR-211b,238.374,14.14,0.08,1.19,4.11,0.05,1612,1582,0.206,0.026,0.073
CoRoT-3b,6884.236,11.33,4.73,53.6,24.65,0.06,1585,1555,0.337,0.015,0.072
1.01,1390.01,20.3,0.17,3.37,8.28,0.04,1633,1603,0.258,0.02,0.072
OGLE-TR-132b,371.863,14.03,0.13,1.89,5.15,0.03,1842,1812,0.259,0.018,0.067
Kepler-8b,191.653,15.92,0.05,0.76,3.47,0.05,1550,1520,0.149,0.03,0.067
WASP-3b,654.733,16.32,0.15,2.46,6.34,0.03,1845,1815,0.262,0.016,0.066
WASP-15b,172.265,16.02,0.04,0.67,3.28,0.05,1542,1512,0.14,0.03,0.065
Kepler-7b,137.621,16.59,0.03,0.5,2.88,0.06,1454,1424,0.117,0.036,0.065
WASP-4b,356.448,15.89,0.09,1.41,4.74,0.02,1745,1715,0.205,0.02,0.065
OGLE-TR-10b,216.126,19.3,0.03,0.58,3.35,0.04,1415,1385,0.112,0.037,0.064
WASP-19b,365.507,14.7,0.12,1.69,4.99,0.02,1857,1827,0.237,0.017,0.064
WASP-1b,273.335,16.65,0.06,0.99,4.05,0.04,1651,1621,0.165,0.024,0.064
WASP-18b,3314.985,13.07,1.48,19.4,15.93,0.02,2218,2188,0.508,0.008,0.063
OGLE-TR-56b,413.181,13.47,0.17,2.28,5.54,0.02,2074,2044,0.291,0.013,0.061
CoRoT-1b,327.367,16.72,0.07,1.17,4.43,0.03,1765,1735,0.18,0.02,0.06
HAT-P-7b,572.097,15.95,0.14,2.25,5.99,0.04,1981,1951,0.256,0.014,0.06
WASP-17b,155.738,19.53,0.02,0.41,2.83,0.05,1533,1503,0.092,0.032,0.054
1452.01,1686.47,22,0.16,3.48,8.76,0.02,2592,2562,0.247,0.006,0.04
WASP-12b,448.143,20.09,0.06,1.11,4.73,0.02,2331,2301,0.152,0.01,0.039
13.01,1423.16,20.5,0.17,3.39,8.33,0.04,3287,3257,0.257,0.004,0.03
Name,(EU),(EU),(EU),(EU),(EU),(AU),(K),(K),,,
