name,ri,ro
Kepler-1394,0.0,0.0
Kepler-516,0.0,0.0
HD 195019,8.85220526928221,12.752927295660879
Kepler-521,0.0,0.0
Kepler-967,0.0,0.0
Kepler-224,0.0,0.0
Kepler-237,0.0,0.0
Kepler-157,0.0,0.0
Kepler-948,0.0,0.0
OGLE 2015-BLG-0966L,0.0,0.0
WASP-85 A,0.0,0.0
HD 5891,116.23739804614326,167.4573782719634
Kepler-1144,0.0,0.0
Kepler-1595,0.0,0.0
Kepler-577,0.0,0.0
Kepler-782,0.0,0.0
HD 1502,157.6528824872382,227.12258551977106
Kepler-1355,0.0,0.0
Kepler-1599,0.0,0.0
XO-5,68.45421514179084,98.61854783396522
KELT-2 A,53.72454567717651,77.3982532229508
ome Ser,110.84430093418528,159.68781427349825
24 Sex,64.15089955338937,92.41897731343005
BD-13 2130,2830.7449040742385,4078.111934377739
Kepler-1091,0.0,0.0
Kepler-1620,0.0,0.0
Kepler-698,0.0,0.0
HD 5608,44.47217012032922,64.06882070311599
Kepler-251,0.0,0.0
Kepler-60,0.0,0.0
Kepler-832,0.0,0.0
Kepler-1563,0.0,0.0
HD 16175,21.676686571969718,31.22851306017825
Kepler-1457,0.0,0.0
Kepler-1517,0.0,0.0
Kepler-637,0.0,0.0
Kepler-17,360.68683595679505,519.6233995409767
Kepler-1328,0.0,0.0
Kepler-1240,0.0,0.0
GJ 674,0.04567153165406472,0.06579668059516089
HD 155358,10.403464882729422,14.987749067771842
Kepler-607,0.0,0.0
HD 42618,3.08971901452505,4.45120292149009
Kepler-24,0.0,0.0
Kepler-253,0.0,0.0
K2-21,4.217992802402346,6.076650270336508
Kepler-1031,0.0,0.0
Kepler-528,0.0,0.0
Kapteyn,0.04147727520303871,0.05975422609346715
Kepler-1133,0.0,0.0
CoRoT-24,0.0,0.0
HD 82886,73.32784154928234,105.63973649264075
HD 27894,4.543171476736165,6.545118845762442
Kepler-1617,0.0,0.0
Kepler-817,0.0,0.0
HD 30669,8.385378702334206,12.080393719351976
Kepler-249,0.0,0.0
Kepler-1420,0.0,0.0
HD 50554,5.220030528220675,7.5202356681146485
Kepler-633,0.0,0.0
Kepler-530,0.0,0.0
Kepler-1199,0.0,0.0
Kepler-796,0.0,0.0
HAT-P-1,0.0,0.0
Kepler-1216,0.0,0.0
Kepler-211,0.0,0.0
Kepler-826,0.0,0.0
HD 190984,138.84394519382244,200.0254947367615
Kepler-1018,0.0,0.0
Kepler-1338,0.0,0.0
HD 192310,0.6482468788809171,0.9338967030842203
Kepler-444,3.8007495539962064,5.475548889419215
HATS-12,972.9511237088622,1401.6817917617927
K2-45,0.0,0.0
Kepler-793,0.0,0.0
HD 173416,247.86939336986995,357.0929792415258
Kepler-691,0.0,0.0
Kepler-1437,0.0,0.0
HD 2039,25.053025339004066,36.09263465606187
Kepler-1221,0.0,0.0
Kepler-1150,0.0,0.0
Kepler-1572,0.0,0.0
eps CrB,160.39686593272447,231.07570458064671
Kepler-488,0.0,0.0
Kepler-870,0.0,0.0
Kepler-853,0.0,0.0
Kepler-438,0.0,0.0
Kepler-1594,0.0,0.0
Kepler-351,0.0,0.0
OGLE-TR-113,196.62929389326587,283.27394281281573
K2-92,0.0,0.0
TRAPPIST-1,0.0,0.0
TrES-4,339.46678000075906,489.052731262842
Kepler-722,0.0,0.0
HIP 8541,214.99359911956356,309.7304745201165
Kepler-132,0.0,0.0
HD 162020,2.529635162492494,3.644318260869918
NN Ser,0.0,0.0
SR 12 AB,0.0,0.0
CoRoT-5,0.0,0.0
K2-89,0.0,0.0
HD 12484,8.92283909880409,12.854685904403542
Kepler-499,0.0,0.0
Kepler-701,0.0,0.0
Kepler-734,0.0,0.0
WASP-15,0.0,0.0
Kepler-1591,0.0,0.0
tau Boo,3.1476720569528522,4.534692957493744
Kepler-196,0.0,0.0
Kepler-447,0.0,0.0
HD 20794,0.44507004397858047,0.6411900469628022
HD 9174,24.506424277813228,35.30517397467811
Kepler-1329,0.0,0.0
Kepler-688,0.0,0.0
HD 30177,10.665103452491243,15.364678607520728
BD+15 2375,0.0,0.0
HD 114762,7.8261369188440435,11.2747221845657
Kepler-1025,0.0,0.0
Kepler-1130,0.0,0.0
2MASS J02192210-3925225,0.0,0.0
Kepler-1543,0.0,0.0
GJ 317,0.2194892771587699,0.3162071719570419
HAT-P-2,0.0,0.0
Kepler-1093,0.0,0.0
Kepler-1442,0.0,0.0
Kepler-778,0.0,0.0
HD 28678,132.47800960251013,190.85441122759556
Kepler-1317,0.0,0.0
XO-2 N,34.1424475598254,49.18730849331893
HD 5583,0.0,0.0
Kepler-1580,0.0,0.0
Kepler-1564,0.0,0.0
Kepler-1365,0.0,0.0
Kepler-1609,0.0,0.0
HD 23079,5.896200543804819,8.494359831070224
Kepler-1319,0.0,0.0
HAT-P-39,0.0,0.0
Kepler-1163,0.0,0.0
Kepler-1489,0.0,0.0
Kepler-529,0.0,0.0
HD 222582,7.965205727170647,11.475071628318169
Kepler-1303,0.0,0.0
HD 50499,13.103364925543712,18.87735938567111
K2-53,0.0,0.0
Kepler-1540,0.0,0.0
HD 6434,7.170776527122926,10.330577400996651
WASP-133,266.1750638077585,383.4650387556463
HD 153950,13.226932973305258,19.05537766261257
Kepler-311,0.0,0.0
Kepler-1354,0.0,0.0
HD 131664,13.23875889083061,19.072414667722317
HD 106252,6.930894191200821,9.984990974059224
HD 231701,34.92207219592158,50.31047452930567
HD 33142,118.36916107343232,170.52850214128142
Kepler-522,0.0,0.0
Kepler-1639,0.0,0.0
Kepler-1176,0.0,0.0
Kepler-539,93.05115216635991,134.05411897450134
Kepler-309,0.0,0.0
OGLE 2005-BLG-169L,0.0,0.0
Kepler-1007,0.0,0.0
Kepler-623,0.0,0.0
Kepler-979,0.0,0.0
BD-17 63,3.11118327575918,4.4821254040407155
HD 102956,84.5059824513215,121.74352237287007
Kepler-1145,0.0,0.0
Kepler-703,0.0,0.0
HAT-P-50,0.0,0.0
Kepler-434,0.0,0.0
Kepler-1200,0.0,0.0
HIP 70849,0.7619714759421171,1.0977340152489679
Kepler-1034,0.0,0.0
UZ For,0.0,0.0
HIP 91258,5.8359084852357785,8.407500092050746
Kepler-743,0.0,0.0
OGLE 2012-BLG-406L,0.0,0.0
WASP-8,0.0,0.0
WASP-80,3.1700282073613373,4.566900339959174
Kepler-644,0.0,0.0
HD 152079,19.3877402613025,27.930943133178896
Kepler-593,0.0,0.0
Kepler-1251,0.0,0.0
Kepler-1037,0.0,0.0
Kepler-751,0.0,0.0
Kepler-1015,0.0,0.0
Kepler-367,0.0,0.0
51 Eri,9.676387210442618,13.94028480198626
Kepler-301,0.0,0.0
Kepler-882,0.0,0.0
Kepler-1465,0.0,0.0
Kepler-5,0.0,0.0
Kepler-1254,0.0,0.0
Kepler-317,0.0,0.0
Kepler-571,0.0,0.0
Kepler-472,0.0,0.0
Kepler-1111,0.0,0.0
WASP-104,27.5145994394596,39.63890076501946
Kepler-370,0.0,0.0
MOA 2008-BLG-310L,0.0,0.0
HIP 74890,77.08115988576134,111.04695361046846
Kepler-1064,0.0,0.0
NY Vir,0.0,0.0
Kepler-1332,0.0,0.0
HD 14067,309.6846980912733,446.14718244744637
Kepler-1259,0.0,0.0
Kepler-1305,0.0,0.0
Kepler-803,0.0,0.0
HD 86226,7.30048883918469,10.517447410757494
Kepler-464,0.0,0.0
Kepler-213,0.0,0.0
Kepler-677,0.0,0.0
Kepler-871,0.0,0.0
Kepler-286,0.0,0.0
HD 11964,8.759729203236997,12.619701674362224
HD 142415,6.002121995154066,8.646955543326833
Kepler-1277,0.0,0.0
Kepler-446,3.604211825048497,5.192406859622194
Kepler-987,0.0,0.0
Kepler-728,0.0,0.0
Kepler-966,0.0,0.0
HD 145934,0.0,0.0
Kepler-861,0.0,0.0
kap CrB,17.157153944505552,24.717449516676478
Kepler-354,0.0,0.0
Kepler-54,0.0,0.0
Kepler-1454,0.0,0.0
Kepler-18,0.0,0.0
HD 131399 A,70.93916024004803,102.19848336503004
K2-71,0.0,0.0
Kepler-1511,0.0,0.0
HATS-2,90.03732752987818,129.7122532696588
Kepler-366,0.0,0.0
Kepler-902,0.0,0.0
HD 152581,191.08237327397845,275.28277301718913
Kepler-960,0.0,0.0
K2-51,0.0,0.0
WASP-48,0.0,0.0
KELT-1,0.0,0.0
Kepler-293,0.0,0.0
Kepler-706,0.0,0.0
Kepler-442,0.0,0.0
WASP-70 A,110.65646059712569,159.41720213913823
HIP 57050,0.10897763975530125,0.15699860931543574
Kepler-295,0.0,0.0
Kepler-933,0.0,0.0
Kepler-263,0.0,0.0
HD 75784,27.69923428628457,39.90489491067885
WASP-26,0.0,0.0
HAT-P-46,0.0,0.0
HD 104985,176.23146751655042,253.88781937141266
K2-9,3.9373038383888224,5.672275784898361
Kepler-651,0.0,0.0
Kepler-304,0.0,0.0
HD 4732,43.34701564908419,62.44786719699164
Kepler-844,0.0,0.0
Kepler-580,0.0,0.0
Kepler-1224,0.0,0.0
K2-28,0.6009114481614938,0.865702926718871
Kepler-1215,0.0,0.0
Kepler-201,0.0,0.0
rho CrB,2.9238213273083873,4.2122024601096975
Kepler-415,0.0,0.0
HIP 75458,36.92280353190005,53.19282762547974
Kepler-1183,0.0,0.0
HD 27631,7.055149585823445,10.163999477083292
DP Leo,0.0,0.0
Kepler-264,0.0,0.0
HAT-P-66,859.1562029975163,1237.7431678481425
Kepler-489,0.0,0.0
Kepler-95,0.0,0.0
VHS J125601.92-125723.9,0.010245202761558245,0.014759748782695224
HD 120084,126.59327142692192,182.37656465441486
Kepler-1043,0.0,0.0
Kepler-1348,0.0,0.0
K2-50,0.0,0.0
K2-31,0.0,0.0
Kepler-1370,0.0,0.0
Kepler-149,0.0,0.0
Kepler-357,0.0,0.0
Kepler-981,0.0,0.0
81 Cet,140.3729714958194,202.2282860943213
HD 181342,94.80242990526355,136.5770968087646
HD 73267,8.441391558440602,12.161088626419478
Kepler-1098,0.0,0.0
Kepler-419,0.0,0.0
Kepler-427,660.3649635842582,951.3546187654844
Kepler-433,0.0,0.0
Kepler-1614,0.0,0.0
Kepler-1059,0.0,0.0
Kepler-320,0.0,0.0
Kepler-1149,0.0,0.0
HD 13908,22.499250112409918,32.413539017912946
Kepler-1271,0.0,0.0
EPIC 211391664,196.2748235102966,282.7632751447084
OGLE 2012-BLG-358L,0.0,0.0
HAT-P-12,14.861428765180152,21.410113614248992
Kepler-463,0.0,0.0
HD 116029,75.65183540449507,108.9877976558783
70 Vir,3.9919292569180955,5.750971880369197
Kepler-1418,0.0,0.0
Kepler-1472,0.0,0.0
Kepler-353,0.0,0.0
Kepler-910,0.0,0.0
HIP 107773,0.0,0.0
Kepler-604,0.0,0.0
HD 224693,39.9537686393705,57.559386745542916
Kepler-265,0.0,0.0
Kepler-800,0.0,0.0
Kepler-1079,0.0,0.0
Kepler-112,0.0,0.0
Kepler-450,0.0,0.0
GU Psc,1.5202659737633886,2.1901707928925673
Kepler-1097,0.0,0.0
Kepler-665,0.0,0.0
eps Eri,0.15240159125057023,0.21955731411989104
Kepler-1400,0.0,0.0
Kepler-601,0.0,0.0
Kepler-938,0.0,0.0
HAT-P-36,0.0,0.0
Kepler-1632,0.0,0.0
Kepler-1610,0.0,0.0
Kepler-1525,0.0,0.0
Kepler-162,0.0,0.0
Kepler-271,0.0,0.0
Kepler-1258,0.0,0.0
Kepler-156,0.0,0.0
Kepler-1170,0.0,0.0
Kepler-924,0.0,0.0
14 And,0.0,0.0
HD 88133,25.643696772827933,36.943585308699674
Kepler-822,0.0,0.0
LkCa 15,0.0,0.0
Kepler-916,0.0,0.0
Kepler-560,0.0,0.0
Kepler-749,0.0,0.0
Kepler-643,0.0,0.0
HAT-P-16,88.69600899642144,127.77988306165484
Kepler-646,0.0,0.0
K2-61,0.0,0.0
Kepler-573,0.0,0.0
Kepler-321,0.0,0.0
Kepler-619,0.0,0.0
Kepler-534,0.0,0.0
Kepler-1003,0.0,0.0
OGLE 2005-BLG-71L,0.0,0.0
HD 142,6.38075686615033,9.19243577503511
Kepler-1301,0.0,0.0
HAT-P-34,0.0,0.0
HD 11977,91.15282332653796,131.31929200867017
HAT-P-26,21.36772886942254,30.78341322367863
Kepler-1414,0.0,0.0
Kepler-1204,0.0,0.0
Kepler-1608,0.0,0.0
Kepler-250,0.0,0.0
Kepler-1352,0.0,0.0
Kepler-500,0.0,0.0
Kepler-867,0.0,0.0
CoRoT-1,0.0,0.0
Kepler-1582,0.0,0.0
Kepler-553,0.0,0.0
HD 564,10.574689701341438,15.234424059657655
Kepler-788,0.0,0.0
Kepler-1393,0.0,0.0
Kepler-74,994.6099181133086,1432.8845284753268
Kepler-8,0.0,0.0
HD 168746,7.507675464331408,10.81593077018638
HD 219828,28.480297221553208,41.03013303200679
MOA 2011-BLG-293L,0.0,0.0
Kepler-886,0.0,0.0
WASP-123,70.25780533065223,101.21688958610827
Kepler-69,0.0,0.0
Kepler-106,0.0,0.0
Kepler-283,0.0,0.0
HD 100546,179.73371164456194,258.9333264939342
WASP-66,0.0,0.0
HD 216437,5.869724661666924,8.45621735812456
Kepler-490,0.0,0.0
DH Tau,0.0,0.0
Kepler-266,0.0,0.0
Kepler-1052,0.0,0.0
Kepler-1220,0.0,0.0
Kepler-1395,0.0,0.0
Kepler-759,0.0,0.0
WASP-97,0.0,0.0
Kepler-257,0.0,0.0
Kepler-605,0.0,0.0
xi Aql,0.0,0.0
HD 8574,10.4002398119408,14.98310287035103
Kepler-733,0.0,0.0
HD 106906,40.8561656846489,58.85942482195185
Kepler-755,0.0,0.0
CoRoT-10,38.04196848546222,54.80515233446012
Kepler-944,0.0,0.0
HIP 12961,1.3880469146557466,1.9996894386303012
Kepler-1462,0.0,0.0
Kepler-675,0.0,0.0
OGLE 2013-BLG-341L B,0.0,0.0
Kepler-1343,0.0,0.0
Kepler-628,0.0,0.0
BD+49 828,0.0,0.0
Kepler-971,0.0,0.0
Kepler-1565,0.0,0.0
Kepler-297,0.0,0.0
Kepler-566,0.0,0.0
Kepler-1047,0.0,0.0
HAT-P-3,24.692908639792535,35.57383262387962
Kepler-466,0.0,0.0
Kepler-681,0.0,0.0
Kepler-632,0.0,0.0
Kepler-647,0.0,0.0
HAT-P-55,0.0,0.0
HD 33283,35.89603009314897,51.71360672908383
HD 205739,27.681409216500168,39.879215228375344
SWEEPS-4,0.0,0.0
HD 8535,13.229143702170777,19.058562548596882
Kepler-1085,0.0,0.0
HD 217107,2.8206676235215857,4.063594102683086
Kepler-750,0.0,0.0
Ross 458,0.3258067233983086,0.46937337415279284
MOA 2011-BLG-262L,0.0,0.0
WASP-52,21.006852548031397,30.2635168419943
HR 8799,31.906883067510364,45.966643069507946
Kepler-324,0.0,0.0
91 Aqr,56.08805167720159,80.80323754767852
Kepler-1549,0.0,0.0
Kepler-594,0.0,0.0
Kepler-1278,0.0,0.0
Kepler-1516,0.0,0.0
GJ 832,0.07692790328105786,0.11082616452143261
Kepler-348,0.0,0.0
Kepler-473,0.0,0.0
Kepler-1490,0.0,0.0
HD 9446,9.871343775601877,14.221148928568969
Kepler-1198,0.0,0.0
Kepler-602,0.0,0.0
Kepler-776,0.0,0.0
WASP-34,0.0,0.0
KELT-4 A,100.42135917775153,144.67200585252093
WASP-96,0.0,0.0
Kepler-1209,0.0,0.0
Kepler-977,0.0,0.0
Kepler-813,0.0,0.0
Kepler-210,0.0,0.0
Kepler-1196,0.0,0.0
EPIC 211351816,0.0,0.0
Kepler-503,0.0,0.0
WASP-16,0.0,0.0
Kepler-614,0.0,0.0
GQ Lup,16.950889685958835,24.42029496445799
CoRoT-14,441.1064999247309,635.4799682180974
Kepler-1207,0.0,0.0
HD 145457,201.647948221889,290.50406590960813
Kepler-461,0.0,0.0
Kepler-973,0.0,0.0
GJ 86,0.8838902926458035,1.273376327881557
Kepler-903,0.0,0.0
Kepler-1415,0.0,0.0
Kepler-1629,0.0,0.0
HAT-P-41,0.0,0.0
HD 187085,11.591416496871181,16.699171262022574
Kepler-416,0.0,0.0
MOA 2013-BLG-605L,0.0,0.0
Kepler-652,0.0,0.0
Kepler-824,0.0,0.0
Kepler-1573,0.0,0.0
HD 2952,220.3307508602526,317.4194408335283
Kepler-1584,0.0,0.0
Kepler-290,0.0,0.0
HD 6718,10.380826032037236,14.955134413213772
Kepler-1143,0.0,0.0
Kepler-1139,0.0,0.0
WTS-2,322.45851038766955,464.54977192078906
HATS-10,0.0,0.0
Kepler-942,0.0,0.0
Kepler-1357,0.0,0.0
Kepler-772,0.0,0.0
Kepler-753,0.0,0.0
Kepler-848,0.0,0.0
HD 221585,15.455428414667312,22.265859059945374
HAT-P-19,37.25260028788241,53.66794923907161
Kepler-572,0.0,0.0
Kepler-15,0.0,0.0
Kepler-325,0.0,0.0
TrES-3,44.63383394792668,64.30172165570042
Kepler-52,0.0,0.0
HAT-P-25,57.07562859437325,82.22598998511543
Kepler-811,0.0,0.0
Kepler-1578,0.0,0.0
Kepler-748,0.0,0.0
Kepler-1153,0.0,0.0
Kepler-303,0.0,0.0
Kepler-670,0.0,0.0
Kepler-1126,0.0,0.0
HAT-P-5,134.79202009826832,194.18808986654486
HATS-11,508.34419727437256,732.3459400006473
CoRoT-28,0.0,0.0
HD 72659,14.072029500040466,20.272865761388157
Kepler-965,0.0,0.0
Kepler-1467,0.0,0.0
Kepler-1603,0.0,0.0
Kepler-155,0.0,0.0
HD 183263,12.46228777456827,17.953791749291373
Kepler-29,0.0,0.0
Kepler-569,0.0,0.0
Kepler-1166,0.0,0.0
Kepler-287,0.0,0.0
Kepler-1219,0.0,0.0
Kepler-440,0.0,0.0
Kepler-232,0.0,0.0
HD 163607,22.150403136742845,31.9109727101217
HD 190647,13.770598792823908,19.838609688819236
HD 108874,0.0,0.0
K2-6,0.0,0.0
Kepler-1523,0.0,0.0
Kepler-441,0.0,0.0
HD 147513,1.5052810212568615,2.1685827248314022
Kepler-1560,0.0,0.0
2MASS J19383260+4603591,0.0,0.0
Kepler-187,0.0,0.0
HR 2562,8.793000344616335,12.667633735825676
Kepler-1165,0.0,0.0
Kepler-1185,0.0,0.0
HD 20782,6.169518358796914,8.888115072523828
WASP-119,117.18204003220983,168.818276511698
KELT-8,99.52916703544155,143.38666946700783
HD 180314,218.78863151194238,315.197786982089
HD 222155,15.808887583976242,22.77506992334721
Kepler-1581,0.0,0.0
Kepler-1021,0.0,0.0
HD 158038,97.77592593582578,140.86086311762824
Kepler-1249,0.0,0.0
Kepler-883,0.0,0.0
Kepler-476,0.0,0.0
HD 102195,3.4270820424120747,4.937224882799184
Qatar-2,0.0,0.0
HD 111998,8.260582119589278,11.900605553795572
Kepler-1041,0.0,0.0
Kepler-932,0.0,0.0
Kepler-4,0.0,0.0
Kepler-27,0.0,0.0
HD 107148,10.830020666242564,15.602266550049777
Kepler-116,0.0,0.0
WASP-117,0.0,0.0
Kepler-985,0.0,0.0
HD 196885,7.367549283909852,10.614058023591152
Kepler-740,0.0,0.0
Kepler-931,0.0,0.0
Kepler-640,0.0,0.0
Kepler-1247,0.0,0.0
Kepler-635,0.0,0.0
Kepler-120,0.0,0.0
Kepler-697,0.0,0.0
Kepler-494,0.0,0.0
Kepler-1640,0.0,0.0
Kepler-756,0.0,0.0
HATS-27,677.517404718883,976.0652787737907
Kepler-1461,0.0,0.0
KIC 5437945,0.0,0.0
Kepler-255,0.0,0.0
Kepler-1304,0.0,0.0
Kepler-428,190.09459840678042,273.8597354030965
Kepler-658,0.0,0.0
WASP-103,241.79719537132235,348.3450687215279
K2-27,0.0,0.0
Kepler-673,0.0,0.0
Kepler-335,0.0,0.0
HD 141399,8.507024494035928,12.255642698584127
Kepler-1033,0.0,0.0
Kepler-1310,0.0,0.0
Kepler-16,0.0,0.0
Kepler-694,0.0,0.0
Kepler-1002,0.0,0.0
Kepler-1519,0.0,0.0
HD 28185,6.569732438722997,9.464683386151625
Kepler-1067,0.0,0.0
Kepler-611,0.0,0.0
Kepler-261,0.0,0.0
Kepler-769,0.0,0.0
OGLE-TR-182,0.0,0.0
Kepler-1596,0.0,0.0
WASP-126,99.09224774596298,142.75722180246632
HD 103197,6.32486091420093,9.111909285911995
HD 166724,4.708538164959808,6.783354323577038
Kepler-1125,0.0,0.0
HD 106270,45.832865866500775,66.02910668774591
WASP-67,0.0,0.0
WASP-69,5.2328895695490685,7.538761042771511
Kepler-716,0.0,0.0
Kepler-862,0.0,0.0
Kepler-1141,0.0,0.0
Kepler-439,0.0,0.0
CoRoT-11,0.0,0.0
HD 114783,1.9330961918339222,2.784914542766348
HD 113337,11.784845282933366,16.97783439403318
Kepler-909,0.0,0.0
Kepler-1431,0.0,0.0
HD 74156,22.188757061389342,31.96622728202113
Kepler-1644,0.0,0.0
HIP 57274,1.7290301271698532,2.490926818012251
HAT-P-17,14.877440935392904,21.433181543240376
Kepler-585,0.0,0.0
Kepler-1004,0.0,0.0
K2-59,0.0,0.0
Kepler-1122,0.0,0.0
Kepler-401,0.0,0.0
Kepler-1264,0.0,0.0
HD 175607,6.185333571857656,8.910899255243688
Kepler-536,0.0,0.0
Kepler-102,0.0,0.0
Kepler-1483,0.0,0.0
psi Dra B,4.562547788305895,6.57303332415398
Kepler-1094,0.0,0.0
Kepler-1558,0.0,0.0
WASP-61,0.0,0.0
Kepler-1333,0.0,0.0
Kepler-1081,0.0,0.0
Kepler-259,0.0,0.0
WASP-31,0.0,0.0
16 Cyg B,3.2702177166308015,4.711238331299611
Kepler-847,0.0,0.0
WISEP J121756.91+162640.2 A,0.0,0.0
Kepler-226,0.0,0.0
Kepler-627,0.0,0.0
Kepler-952,0.0,0.0
HD 11755,590.606793214021,850.8575281594848
Kepler-1554,0.0,0.0
Kepler-377,0.0,0.0
Kepler-900,0.0,0.0
CoRoT-18,294.5857779415181,424.39492692971703
HATS-3,189.93748796676587,273.6333942871886
HD 86081,26.141756725448225,37.661115254224974
Kepler-669,0.0,0.0
Kepler-1000,0.0,0.0
WASP-94 B,55.421134951949654,79.84244413511368
HD 68402,17.195998205205242,24.773410491087667
Kepler-937,0.0,0.0
Kepler-1330,0.0,0.0
Kepler-1368,0.0,0.0
Kepler-1470,0.0,0.0
Kepler-1270,0.0,0.0
Kepler-1349,0.0,0.0
Kepler-1142,0.0,0.0
Kepler-662,0.0,0.0
WASP-38,0.0,0.0
Kepler-11,0.0,0.0
HAT-P-35,0.0,0.0
HD 191806,28.893205339840197,41.62498900880782
Kepler-929,0.0,0.0
Kepler-1056,0.0,0.0
Kepler-62,87.86208450927391,126.57848995890251
Kepler-1127,0.0,0.0
1RXS J160929.1-210524,0.0,0.0
KELT-14,121.3989339938374,174.89334373734863
Kepler-275,0.0,0.0
42 Dra,247.92023942518856,357.1662305983374
Kepler-1443,0.0,0.0
Kepler-1335,0.0,0.0
Kepler-1482,0.0,0.0
HIP 97233,95.68933789624762,137.8548205829985
Kepler-513,0.0,0.0
BD+20 1790,0.0,0.0
Kepler-166,0.0,0.0
GJ 504,3.5019398264233517,5.045068730515054
Kepler-63,0.0,0.0
Kepler-878,0.0,0.0
Kepler-927,0.0,0.0
K2-60,0.0,0.0
HD 145377,12.373721639989963,17.826198969777522
Kepler-1612,0.0,0.0
Kepler-1384,0.0,0.0
Kepler-238,0.0,0.0
Kepler-48,0.0,0.0
Kepler-523,0.0,0.0
Kepler-1284,0.0,0.0
HD 220074,2553.962135968209,3679.364909091669
Kepler-1256,0.0,0.0
HD 92788,5.2048090140492596,7.498306797550436
BD+20 274,0.0,0.0
Kepler-173,0.0,0.0
Kepler-1112,0.0,0.0
Kepler-1287,0.0,0.0
Kepler-1502,0.0,0.0
HD 23596,14.228603686523588,20.498434323780792
GJ 649,0.26109726612929984,0.3761497108067826
Kepler-1136,0.0,0.0
KIC 10001893,0.0,0.0
GJ 687,0.05028523729799592,0.07244341447115989
Kepler-7,0.0,0.0
HD 10442,0.0,0.0
Kepler-1276,0.0,0.0
CoRoT-6,0.0,0.0
HD 24040,11.009964221314254,15.861502187424245
WASP-88,0.0,0.0
Kepler-511,0.0,0.0
Kepler-81,0.0,0.0
Kepler-617,0.0,0.0
HD 111232,3.514535046884058,5.06321403170521
CoRoT-16,203.29207852800542,292.8726818217644
Kepler-327,0.0,0.0
Kepler-1184,0.0,0.0
Kepler-1506,0.0,0.0
Kepler-1539,0.0,0.0
Kepler-663,0.0,0.0
Kepler-1252,0.0,0.0
Kepler-711,0.0,0.0
Kepler-1428,0.0,0.0
WASP-12,0.0,0.0
HAT-P-29,110.98648824341025,159.8926563847859
Kepler-376,0.0,0.0
HD 48265,34.51951340896986,49.73052831409087
Kepler-482,0.0,0.0
Kepler-1257,0.0,0.0
CoRoT-4,0.0,0.0
Kepler-1425,0.0,0.0
Kepler-1362,0.0,0.0
Kepler-825,0.0,0.0
WASP-90,137.9317295819245,198.71131154482057
Kepler-712,0.0,0.0
HD 37605,6.410974968424267,9.235969476478934
WASP-157,0.0,0.0
Kepler-770,0.0,0.0
Kepler-892,0.0,0.0
Kepler-877,0.0,0.0
Kepler-1231,0.0,0.0
Kepler-198,0.0,0.0
CoRoT-7,25.241851939126164,36.364667650054926
Kepler-217,0.0,0.0
HD 12648,234.33763565745926,337.5984558951569
WASP-113,170.8529948536333,246.13932408178147
HD 189733,1.600403988908663,2.30562160426413
Kepler-591,0.0,0.0
Kepler-1430,0.0,0.0
Kepler-46,0.0,0.0
HD 154857,30.23681765383729,43.56066375117052
Kepler-564,0.0,0.0
MOA 2010-BLG-328L,0.0,0.0
HD 73256,4.814804083138481,6.936446291884857
Kepler-225,0.0,0.0
Kepler-1369,0.0,0.0
HD 108147,8.015563041997897,11.547618881263729
Kepler-1619,0.0,0.0
CoRoT-27,0.0,0.0
Kepler-368,0.0,0.0
Kepler-310,0.0,0.0
Kepler-1167,0.0,0.0
WASP-46,0.0,0.0
WASP-64,126.08160216240043,181.6394284571206
Kepler-163,0.0,0.0
Kepler-609,0.0,0.0
Kepler-1636,0.0,0.0
Kepler-752,0.0,0.0
Kepler-735,0.0,0.0
HIP 41378,0.0,0.0
HD 210277,2.8376318059316894,4.0880335478072425
Kepler-1297,0.0,0.0
Kepler-246,0.0,0.0
Kepler-1509,0.0,0.0
Kepler-1383,0.0,0.0
Kepler-774,0.0,0.0
Kepler-1322,0.0,0.0
WASP-22,101.04179180281189,145.56583195783134
Kepler-1547,0.0,0.0
Kepler-28,0.0,0.0
K2-48,0.0,0.0
Kepler-975,0.0,0.0
Kepler-1222,0.0,0.0
7 CMa,9.647586170118164,13.898792590483696
WASP-44,0.0,0.0
Kepler-1468,0.0,0.0
Kepler-1589,0.0,0.0
Kepler-394,0.0,0.0
MOA 2010-BLG-477L,0.0,0.0
2MASS J01225093-2439505,0.5704761636315212,0.8218563417124926
Kepler-181,0.0,0.0
Kepler-507,0.0,0.0
Kepler-838,0.0,0.0
Kepler-1063,0.0,0.0
Kepler-1373,0.0,0.0
Kepler-947,0.0,0.0
HD 70573,1.7298835239998027,2.492156263940766
Kepler-622,0.0,0.0
K2-72,0.0,0.0
Kepler-1088,0.0,0.0
K2-3,2.1105137343588494,3.040511080800388
K2-76,0.0,0.0
Kepler-576,0.0,0.0
HIP 109600,8.698678124168952,12.531748452651678
2MASS J04414489+2301513,0.0,0.0
Kepler-1337,0.0,0.0
HD 134987,3.2419838965278616,4.670563285466567
Kepler-1622,0.0,0.0
HD 285968,0.18601743561449682,0.2679859718514316
K2-63,0.0,0.0
HD 3167,6.561492783960377,9.452812929589387
HD 73534,28.129869610562732,40.52528958233427
HD 139357,243.601467067336,350.9443922867785
HD 96063,82.33088834932114,118.60997360166307
Kepler-1060,0.0,0.0
Kepler-248,0.0,0.0
Kepler-583,0.0,0.0
Kepler-176,0.0,0.0
tau Gem,265.4821408939782,382.4667795341163
Kepler-278,0.0,0.0
Kepler-1550,0.0,0.0
Kepler-493,0.0,0.0
Kepler-1426,0.0,0.0
HAT-P-38,0.0,0.0
Kepler-1574,0.0,0.0
Kepler-1588,0.0,0.0
Kepler-273,0.0,0.0
Kepler-1282,0.0,0.0
Kepler-634,0.0,0.0
Kepler-757,0.0,0.0
OGLE 2014-BLG-124L,0.0,0.0
HD 10180,7.954133936465275,11.459121055822031
K2-16,42.40939531571315,61.097084699447514
Proxima Cen,0.001130734863487101,0.0016289928968049453
HD 109246,13.498771950007383,19.447002416055522
Kepler-823,0.0,0.0
Wolf 1061,0.02864212906324982,0.041263276034060915
HD 69830,1.2966620958684116,1.8680359224193595
Kepler-714,0.0,0.0
KIC 8540376,0.0,0.0
Kepler-395,0.0,0.0
Kepler-525,0.0,0.0
HD 149143,18.74998728738002,27.01216447163478
MOA 2010-BLG-353L,0.0,0.0
gam Cep,5.7897825930802345,8.34104883711336
Kepler-405,0.0,0.0
Kepler-818,0.0,0.0
Kepler-846,0.0,0.0
WASP-37,0.0,0.0
Kepler-323,0.0,0.0
Kepler-403,0.0,0.0
Kepler-1048,0.0,0.0
Kepler-383,0.0,0.0
HD 3651,1.0367252418970818,1.4935579590962174
Kepler-1438,0.0,0.0
Kepler-1592,0.0,0.0
HD 5319,80.70807944469374,116.27207436120155
WD 0806-661,0.0,0.0
Kepler-845,0.0,0.0
Kepler-402,0.0,0.0
Kepler-1606,0.0,0.0
K2-82,0.0,0.0
Kepler-746,0.0,0.0
Kepler-1019,0.0,0.0
Kepler-873,0.0,0.0
Kepler-1148,0.0,0.0
Kepler-561,0.0,0.0
Kepler-165,0.0,0.0
Kepler-542,0.0,0.0
Kepler-988,0.0,0.0
Kepler-1412,0.0,0.0
Kepler-678,0.0,0.0
HD 109271,13.532104335926537,19.495022709449866
HD 164922,2.5098786163870725,3.6158559976901303
WASP-65,114.10137077250786,164.3801111172186
WASP-74,31.492729811212854,45.36999328494509
Kepler-1386,0.0,0.0
Kepler-277,0.0,0.0
Kepler-739,0.0,0.0
Kepler-1105,0.0,0.0
Kepler-911,0.0,0.0
HD 32963,5.532231758953544,7.9700082926795295
Kepler-452,0.0,0.0
HD 154345,1.7475037340519826,2.5175408151225462
HIP 78530,433.16335996028164,624.0366856252963
Kepler-114,0.0,0.0
Kepler-1113,0.0,0.0
Kepler-205,0.0,0.0
Kepler-1138,0.0,0.0
Kepler-836,0.0,0.0
GJ 436,0.16294579008623136,0.23474781152157206
OGLE2-TR-L9,0.0,0.0
Kepler-491,0.0,0.0
Kepler-587,0.0,0.0
WASP-83,66.75764981906542,96.17439142831387
Fomalhaut,3.080628634984344,4.438106868490181
Kepler-1011,0.0,0.0
Kepler-841,0.0,0.0
Kepler-907,0.0,0.0
CFBDSIR J145829+101343,0.0,0.0
HAT-P-22,14.488979958303945,20.873545334260037
HD 2638,6.4464076933294185,9.28701562270541
Kepler-1353,0.0,0.0
Kepler-876,0.0,0.0
gam 1 Leo,80.51858818574651,115.99908382663918
Kepler-804,0.0,0.0
Kepler-87,0.0,0.0
Kepler-9,0.0,0.0
Kepler-51,0.0,0.0
HD 8673,0.0,0.0
CoRoT-25,0.0,0.0
HD 73526,28.59444971149469,41.19458678794194
Kepler-1526,0.0,0.0
WASP-24,0.0,0.0
Kepler-1066,0.0,0.0
K2-46,0.0,0.0
Kepler-1290,0.0,0.0
Kepler-272,0.0,0.0
Kepler-1363,0.0,0.0
Kepler-1151,0.0,0.0
Kepler-556,0.0,0.0
Kepler-821,0.0,0.0
Kepler-996,0.0,0.0
HD 12661,8.146132661257326,11.735723970423352
Kepler-1372,0.0,0.0
Kepler-148,0.0,0.0
Kepler-1168,0.0,0.0
Kepler-221,0.0,0.0
HD 43197,8.618131164142774,12.415708494940256
WASP-55,0.0,0.0
AB Pic,5.932945436004742,8.54729635078002
Kepler-227,0.0,0.0
Kepler-498,0.0,0.0
HD 143361,11.097073856797074,15.986996661882362
Kepler-1049,0.0,0.0
CoRoT-17,271.0767277323202,390.5266196562401
HD 52265,5.962384164773275,8.589707247979224
HD 103774,15.787696677785224,22.74454124967072
Kepler-1023,0.0,0.0
Kepler-1535,0.0,0.0
Kepler-339,0.0,0.0
Kepler-742,0.0,0.0
HD 96167,32.80140468963224,47.25533541952639
WASP-2,32.86293537554992,47.34397958672427
K2-52,0.0,0.0
Kepler-794,0.0,0.0
Kepler-1095,0.0,0.0
Kepler-994,0.0,0.0
Kepler-1505,0.0,0.0
Kepler-738,0.0,0.0
Kepler-371,0.0,0.0
Kepler-117,1151.7236573147254,1659.2303973559253
Kepler-185,0.0,0.0
WASP-25,0.0,0.0
Kepler-31,0.0,0.0
Kepler-1202,0.0,0.0
Kepler-1371,0.0,0.0
Kepler-1197,0.0,0.0
HD 181720,14.289580298936414,20.586280265123218
GJ 3998,0.5411966081887508,0.7796747575250307
Kepler-1449,0.0,0.0
Kepler-1345,0.0,0.0
HATS-16,385.02633735241915,554.688096107395
Kepler-385,0.0,0.0
HD 45652,4.599587124458252,6.626394034469823
Kepler-1158,0.0,0.0
WASP-42,0.0,0.0
mu Leo,51.63097538350725,74.38215170572013
Kepler-1590,0.0,0.0
K2-11,0.0,0.0
Kepler-1458,0.0,0.0
BD-08 2823,3.5037147963680138,5.047625840519587
HD 219415,134.03618113851255,193.09919065919794
Kepler-1405,0.0,0.0
Kepler-215,0.0,0.0
Kepler-1146,0.0,0.0
Kepler-108,0.0,0.0
51 Peg,2.150231858173326,3.0977309858881905
Kepler-100,0.0,0.0
Kepler-854,0.0,0.0
Kepler-356,0.0,0.0
Kepler-1182,0.0,0.0
HD 47186,6.439991714508748,9.277772444430449
Kepler-75,584.3890985458194,841.9000078989292
WASP-47,0.0,0.0
Kepler-562,0.0,0.0
Kepler-839,0.0,0.0
HAT-P-49,229.12375069493254,330.08707383471426
Kepler-1451,0.0,0.0
KOI-13,0.0,0.0
Kepler-581,0.0,0.0
Kepler-1131,0.0,0.0
Kepler-245,0.0,0.0
HD 137388 A,4.907691561462439,7.070264614179451
Kepler-378,0.0,0.0
Kepler-208,0.0,0.0
KOI-351,0.0,0.0
8 UMi,304.96605356304804,439.34926839417193
HATS-9,0.0,0.0
Kepler-943,0.0,0.0
GJ 1132,0.06470725912118361,0.09322049658489862
HD 202206,8.331516973552718,12.002797833324289
K2-85,0.0,0.0
Kepler-424,0.0,0.0
MOA 2009-BLG-387L,0.0,0.0
Kepler-1492,0.0,0.0
HD 125595,1.9637433727086566,2.8290663961885345
Kepler-802,0.0,0.0
Kepler-437,0.0,0.0
HD 49674,6.133148582421628,8.835718963332488
Kepler-1422,0.0,0.0
Kepler-538,0.0,0.0
Kepler-760,0.0,0.0
Kepler-860,0.0,0.0
HD 192699,41.99670362295565,60.502540516031125
Kepler-1475,0.0,0.0
Kepler-741,0.0,0.0
Kepler-758,0.0,0.0
WASP-77 A,14.904522177127072,21.47219612733622
Kepler-584,0.0,0.0
MOA 2011-BLG-322L,0.0,0.0
Kepler-1140,0.0,0.0
Kepler-144,0.0,0.0
Kepler-111,0.0,0.0
Kepler-997,0.0,0.0
Kepler-1260,0.0,0.0
Kepler-113,0.0,0.0
Kepler-1600,0.0,0.0
Kepler-436,0.0,0.0
Kepler-389,0.0,0.0
Kepler-333,0.0,0.0
Kepler-887,0.0,0.0
6 Lyn,0.0,0.0
Kepler-661,0.0,0.0
OGLE 2003-BLG-235L,0.0,0.0
Kepler-222,0.0,0.0
Kepler-420,338.6205632366225,487.83362929433576
Kepler-1530,0.0,0.0
Kepler-407,0.0,0.0
KELT-15,0.0,0.0
OGLE 2013-BLG-102L,0.0,0.0
Kepler-109,0.0,0.0
WASP-72,201.2167740585544,289.8828949596016
HD 102329,126.93719289872205,182.8720350362985
Kepler-724,0.0,0.0
HD 1605,51.838548311963855,74.68119159291528
Kepler-1344,0.0,0.0
Kepler-905,0.0,0.0
Kepler-664,0.0,0.0
Kepler-1239,0.0,0.0
Kepler-527,0.0,0.0
KOI-94,0.0,0.0
Kepler-1642,0.0,0.0
OGLE 2012-BLG-0724L,0.0,0.0
Kepler-80,49.8487584625146,71.81460134655875
Kepler-974,0.0,0.0
HD 128356,2.409729439493787,3.4715761111772965
Kepler-1476,0.0,0.0
Kepler-1575,0.0,0.0
Kepler-1561,0.0,0.0
Kepler-280,0.0,0.0
Kepler-765,0.0,0.0
Kepler-666,0.0,0.0
Kepler-276,0.0,0.0
Kepler-43,2720.84133006022,3919.7793781052715
Kepler-50,0.0,0.0
KIC 5951458,0.0,0.0
Kepler-1279,0.0,0.0
Kepler-388,0.0,0.0
Kepler-128,0.0,0.0
Kepler-1548,0.0,0.0
Kepler-399,0.0,0.0
HD 31253,16.20927945414851,23.35189437044848
Kepler-599,0.0,0.0
WASP-50,0.0,0.0
Kepler-126,0.0,0.0
Kepler-720,0.0,0.0
Kepler-843,0.0,0.0
Kepler-1022,0.0,0.0
K2-86,0.0,0.0
HD 99109,9.609494748546604,13.843916193573182
HD 99492,19.261881705250165,27.74962503604417
Kepler-454,0.0,0.0
Kepler-1013,0.0,0.0
Kepler-1156,0.0,0.0
Kepler-1556,0.0,0.0
Kepler-729,0.0,0.0
Kepler-791,0.0,0.0
HD 159243,15.836722831984051,22.81517076639161
HD 27442,6.2565590678565846,9.013510248147762
Kepler-1205,0.0,0.0
HD 233604,0.0,0.0
HD 204941,2.424944826534155,3.4934961546917056
WASP-20,72.74884374796986,104.8056034557456
Kepler-980,0.0,0.0
Kepler-1513,0.0,0.0
Kepler-1487,0.0,0.0
Kepler-1605,0.0,0.0
Kepler-885,0.0,0.0
Kepler-1559,0.0,0.0
Kepler-386,0.0,0.0
Kepler-1235,0.0,0.0
Kepler-655,0.0,0.0
K2-44,0.0,0.0
Kepler-1327,0.0,0.0
HD 217786,12.428215020663831,17.904704844945165
GSC 06214-00210,19.162506132475325,27.60645964211008
HATS-30,122.5515114369109,176.55380414094327
Kepler-1542,0.0,0.0
HD 87883,1.4602193945442128,2.103664703636756
Kepler-1491,0.0,0.0
Kepler-775,0.0,0.0
HD 285507,2.986580489471827,4.302616431302193
Kepler-1404,0.0,0.0
Kepler-396,0.0,0.0
Kepler-868,0.0,0.0
HD 330075,6.759796020371447,9.738498437269632
GJ 3021,1.7854725797379218,2.5722406231142574
HD 34445,11.015475572254905,15.869442113771287
Kepler-747,0.0,0.0
Kepler-315,0.0,0.0
Kepler-956,0.0,0.0
Kepler-1038,0.0,0.0
Kepler-59,0.0,0.0
Kepler-857,0.0,0.0
Kepler-1571,0.0,0.0
Kepler-337,0.0,0.0
Kepler-1201,0.0,0.0
K2-32,0.0,0.0
HD 4203,20.7834208556893,29.94163003059456
Kepler-1447,0.0,0.0
Kepler-387,0.0,0.0
Kepler-1171,0.0,0.0
K2-57,0.0,0.0
GJ 3470,0.6047314549998035,0.871206218610095
Kepler-763,0.0,0.0
Kepler-1630,0.0,0.0
HD 39091,2.9695419044409785,4.278069798061166
K2-7,0.0,0.0
Kepler-993,0.0,0.0
XO-3,0.0,0.0
BD+20 2457,0.0,0.0
Kepler-1024,0.0,0.0
Kepler-404,0.0,0.0
Kepler-575,0.0,0.0
Kepler-592,0.0,0.0
K2-55,0.0,0.0
HD 203030,5.3164947057124134,7.659206761166089
HD 128311,0.0,0.0
Kepler-431,0.0,0.0
HAT-P-20,5.773162825796032,8.317105573553745
HATS-26,741.0730408226055,1067.6266899481134
Kepler-1100,0.0,0.0
Kepler-764,0.0,0.0
Kepler-731,0.0,0.0
HD 219134,0.3517091071476404,0.5066896367891565
Kepler-519,0.0,0.0
Kepler-1553,0.0,0.0
Kepler-25,0.0,0.0
K2-26,4.439336417736475,6.395528894119681
Kepler-1218,0.0,0.0
Kepler-1407,0.0,0.0
HD 33844,86.62604601529225,124.79779141329993
OGLE 2015-BLG-0051L,0.0,0.0
Kepler-565,0.0,0.0
Kepler-67,269.2325081879935,387.8697452333606
CHXR 73,0.0,0.0
Kepler-146,0.0,0.0
Kepler-852,0.0,0.0
Kepler-620,0.0,0.0
Kepler-1534,0.0,0.0
Kepler-925,0.0,0.0
Kepler-1129,0.0,0.0
Kepler-127,0.0,0.0
HD 38283,9.84687503732273,14.185898046918794
Kepler-1250,0.0,0.0
Kepler-514,0.0,0.0
OGLE-TR-111,0.0,0.0
Kepler-1334,0.0,0.0
Kepler-1101,0.0,0.0
Kepler-1179,0.0,0.0
bet UMi,105.34725267697618,151.76849308376137
Kepler-1055,0.0,0.0
2MASS J22362452+4751425,3.8263408792009446,5.512417025641513
WASP-121,144.92407043641649,208.78482563890196
Kepler-540,0.0,0.0
Kepler-342,0.0,0.0
Kepler-1193,0.0,0.0
Kepler-1315,0.0,0.0
Kepler-588,0.0,0.0
Kepler-596,0.0,0.0
HD 156846,19.558649434027014,28.17716338989624
Kepler-1238,0.0,0.0
Kepler-164,0.0,0.0
HD 79498,9.575573674432546,13.795047806678852
K2-14,0.0,0.0
Kepler-1323,0.0,0.0
Kepler-533,0.0,0.0
Kepler-950,0.0,0.0
K2-33,7.155703002060664,10.308861730905335
Kepler-840,0.0,0.0
Kepler-123,0.0,0.0
Kepler-1044,0.0,0.0
Kepler-392,0.0,0.0
Kepler-579,0.0,0.0
Kepler-898,0.0,0.0
NGC 2682 YBP 1514,0.0,0.0
PSR B1620-26,0.0,0.0
Kepler-1069,0.0,0.0
Kepler-190,0.0,0.0
11 UMi,363.5664991042088,523.7719855303229
Kepler-502,0.0,0.0
Kepler-1309,0.0,0.0
Kepler-39,705.9848804687515,1017.0769405558385
HD 102117,8.79808559247849,12.674959796879811
Kepler-659,0.0,0.0
HAT-P-4,168.465723069764,242.70010158653352
K2-37,0.0,0.0
K2-69,0.0,0.0
Kepler-1010,0.0,0.0
Kepler-139,0.0,0.0
Kepler-1637,0.0,0.0
Kepler-30,0.0,0.0
Kepler-680,0.0,0.0
Kepler-1351,0.0,0.0
Kepler-834,0.0,0.0
Kepler-524,0.0,0.0
alf Tau,42.434879498453355,61.13379848090521
Kepler-1364,0.0,0.0
Kepler-244,0.0,0.0
Kepler-318,0.0,0.0
Kepler-574,0.0,0.0
HAT-P-37,0.0,0.0
Kepler-1551,0.0,0.0
Kepler-10,0.0,0.0
Kepler-1631,0.0,0.0
Kepler-254,0.0,0.0
Kepler-484,0.0,0.0
Kepler-1586,0.0,0.0
WASP-62,0.0,0.0
Kepler-546,0.0,0.0
HD 133131 A,7.427902015292856,10.70100517088481
Kepler-653,0.0,0.0
HD 167042,31.969921497275532,46.05745936750066
HD 240237,744.4085404128757,1072.4319765942591
Kepler-1070,0.0,0.0
Kepler-153,0.0,0.0
HAT-P-40,0.0,0.0
Kepler-512,0.0,0.0
Kepler-1236,0.0,0.0
HD 132406,18.60269291408096,26.799964869772733
Kepler-1340,0.0,0.0
Kepler-143,0.0,0.0
HATS-29,109.42203512356852,157.63882739100464
HD 98649,7.216979749096533,10.397140061116987
Kepler-78,0.0,0.0
GJ 163,0.2316150431092418,0.3336761536250537
Kepler-786,0.0,0.0
WTS-1,3130.578895883935,4510.067699297195
Kepler-541,0.0,0.0
Kepler-1326,0.0,0.0
Kepler-799,0.0,0.0
Kepler-115,0.0,0.0
Kepler-172,0.0,0.0
KIC 9663113,0.0,0.0
HD 95872,0.06677128813552256,0.09619403946548903
Kepler-785,0.0,0.0
HD 125612,10.101776965395919,14.55312244551261
Kepler-329,0.0,0.0
Kepler-152,0.0,0.0
HD 17156,24.19951588628472,34.863026477582316
Kepler-842,0.0,0.0
HIP 14810,9.220272572105204,13.283183362937123
OGLE-TR-056,0.0,0.0
OGLE 2011-BLG-251L,0.0,0.0
Kepler-358,0.0,0.0
HD 160691,2.4961078619059878,3.596017163709057
Kepler-182,0.0,0.0
Kepler-1316,0.0,0.0
HD 68988,13.652132591322342,19.667941385409563
Kepler-1402,0.0,0.0
Kepler-390,0.0,0.0
Kepler-1217,0.0,0.0
GJ 433,0.1824642300419741,0.2628670471366871
Kepler-68,0.0,0.0
MOA 2009-BLG-266L,0.0,0.0
TrES-2,60.22970418150226,86.76990818674756
omi CrB,128.79305425376793,185.54568123086375
Kepler-801,0.0,0.0
HD 164595,4.421785624281187,6.370244347940761
Kepler-1269,0.0,0.0
Kepler-1314,0.0,0.0
Kepler-795,0.0,0.0
Kepler-1194,0.0,0.0
Kepler-964,0.0,0.0
HD 41004 B,0.0,0.0
HD 77338,6.06253708444919,8.733992526530912
Kepler-412,825.9657304477715,1189.9273219137606
CT Cha,0.0,0.0
Kepler-359,0.0,0.0
OGLE-TR-132,2141.7292861124256,3085.481757586284
Kepler-1029,0.0,0.0
Kepler-859,0.0,0.0
Kepler-145,0.0,0.0
Kepler-958,0.0,0.0
Kepler-672,0.0,0.0
61 Vir,0.7854795909181544,1.1316009751790272
Kepler-976,0.0,0.0
Kepler-1555,0.0,0.0
Kepler-1410,0.0,0.0
Kepler-955,0.0,0.0
Kepler-850,0.0,0.0
HD 62509,7.739954960782725,11.150564168351645
Kepler-122,0.0,0.0
Kepler-1175,0.0,0.0
Kepler-365,0.0,0.0
Kepler-667,0.0,0.0
Kepler-1528,0.0,0.0
HD 179949,4.9935059272815066,7.193893058722125
HD 75898,30.476777483331478,43.90636181920309
Kepler-913,0.0,0.0
Kepler-705,0.0,0.0
RR Cae,0.0,0.0
Kepler-47,0.0,0.0
Kepler-142,0.0,0.0
Kepler-381,0.0,0.0
Kepler-1627,0.0,0.0
Kepler-332,0.0,0.0
HD 67087,33.66803893177934,48.50385182259532
Kepler-373,0.0,0.0
Kepler-239,0.0,0.0
Kepler-1075,0.0,0.0
Kepler-1298,0.0,0.0
Kepler-582,0.0,0.0
Kepler-962,0.0,0.0
HD 1690,0.0783531147383602,0.11287939504908318
Kepler-1005,0.0,0.0
WASP-89,0.0,0.0
WASP-39,0.0,0.0
K2-99,754.7420558643598,1087.3189530314933
Kepler-1275,0.0,0.0
Kepler-1541,0.0,0.0
HAT-P-15,32.79009210608891,47.239037948888786
Kepler-229,0.0,0.0
Kepler-1227,0.0,0.0
Kepler-1318,0.0,0.0
Kepler-340,0.0,0.0
Kepler-725,0.0,0.0
Kepler-1074,0.0,0.0
HATS-17,111.87129664605607,161.16735538760815
HD 204313,9.103928954922456,13.115572960092713
Kepler-497,0.0,0.0
Kepler-1381,0.0,0.0
Kepler-1537,0.0,0.0
HD 30562,5.913754580219125,8.51964904921724
Kepler-1267,0.0,0.0
Kepler-1544,0.0,0.0
Kepler-1263,0.0,0.0
Kepler-1325,0.0,0.0
Kepler-608,0.0,0.0
HAT-P-45,0.0,0.0
HD 101930,3.6011834703591354,5.1880440612003245
Kepler-1597,0.0,0.0
WASP-63,0.0,0.0
Kepler-1500,0.0,0.0
Kepler-684,0.0,0.0
MOA 2010-BLG-073L,0.0,0.0
K2-66,0.0,0.0
Kepler-1477,0.0,0.0
HIP 65891,0.0,0.0
WASP-79,0.0,0.0
Kepler-1339,0.0,0.0
Kepler-65,0.0,0.0
Kepler-375,0.0,0.0
HD 35759,27.308957796409047,39.342643183658986
K2-47,0.0,0.0
HD 159868,16.493523919114132,23.761391087439375
HD 76700,14.422833329404149,20.77825120996545
Kepler-380,0.0,0.0
HD 7924,1.4665173959082785,2.1127379177185186
OGLE 2015-BLG-0954L,0.0,0.0
Kepler-1593,0.0,0.0
Kepler-485,0.0,0.0
Kepler-1017,0.0,0.0
Kepler-901,0.0,0.0
K2-62,0.0,0.0
Kepler-1006,0.0,0.0
HD 19994,6.264497890227223,9.024947310600124
CoRoT-2,0.0,0.0
HD 30856,91.85175424178831,132.32620665600757
Kepler-773,0.0,0.0
HD 130322,3.6955899244575607,5.324050695562519
Kepler-486,0.0,0.0
Kepler-717,0.0,0.0
Kepler-34,0.0,0.0
Kepler-737,0.0,0.0
OGLE 2012-BLG-0563L,0.0,0.0
Kepler-875,0.0,0.0
Kepler-1155,0.0,0.0
Kepler-921,0.0,0.0
Kepler-685,0.0,0.0
Kepler-814,0.0,0.0
Kepler-326,0.0,0.0
USco CTIO 108,0.0,0.0
HD 181433,2.315089338425308,3.3352328733664343
Kepler-1435,0.0,0.0
MOA 2007-BLG-192L,0.0,0.0
HD 117207,5.565819400966778,8.018396320701635
Kepler-1289,0.0,0.0
Kepler-1417,0.0,0.0
Kepler-642,0.0,0.0
PH2,0.0,0.0
GJ 3293,0.0,0.0
HD 40979,6.44578716610356,9.286121660313482
MOA 2009-BLG-319L,0.0,0.0
KIC 3558849,0.0,0.0
HD 213240,11.101314442046236,15.99310585995544
Kepler-1510,0.0,0.0
Kepler-881,0.0,0.0
HD 200964,42.45805815829777,61.16719081138273
K2-74,0.0,0.0
Kepler-360,0.0,0.0
WASP-7,0.0,0.0
Kepler-744,0.0,0.0
HD 108863,136.01565274365063,195.9509159294817
Kepler-443,0.0,0.0
Kepler-189,0.0,0.0
CoRoT-12,0.0,0.0
Kepler-481,0.0,0.0
Kepler-603,0.0,0.0
Kepler-214,0.0,0.0
K2-64,0.0,0.0
Kepler-1280,0.0,0.0
Kepler-319,0.0,0.0
Kepler-1611,0.0,0.0
HD 126614,14.71499529578861,21.199154273384863
Kepler-767,0.0,0.0
Kepler-160,0.0,0.0
Kepler-1187,0.0,0.0
Kepler-199,0.0,0.0
Kepler-1444,0.0,0.0
WASP-36,0.0,0.0
WASP-4,80.26034811610597,115.62705033523561
Kepler-1601,0.0,0.0
Kepler-487,0.0,0.0
Kepler-951,0.0,0.0
Kepler-269,0.0,0.0
Kepler-77,181.44914463963426,261.4046646070086
Kepler-1436,0.0,0.0
TYC 1422-614-1,0.0,0.0
Kepler-831,0.0,0.0
Kepler-1230,0.0,0.0
Kepler-1507,0.0,0.0
Kepler-1119,0.0,0.0
Kepler-807,0.0,0.0
Kepler-1028,0.0,0.0
Kepler-509,0.0,0.0
Kepler-537,0.0,0.0
Kepler-888,0.0,0.0
Kepler-302,0.0,0.0
Kepler-1361,0.0,0.0
Kepler-1181,0.0,0.0
Kepler-578,0.0,0.0
Kepler-480,0.0,0.0
Kepler-1434,0.0,0.0
Kepler-894,0.0,0.0
K2-49,0.0,0.0
Kepler-130,0.0,0.0
Kepler-58,0.0,0.0
Kepler-928,0.0,0.0
Kepler-110,0.0,0.0
Kepler-1385,0.0,0.0
Kepler-1538,0.0,0.0
Kepler-679,0.0,0.0
K2-80,0.0,0.0
Kepler-1508,0.0,0.0
HAT-P-9,0.0,0.0
Kepler-1030,0.0,0.0
Kepler-362,0.0,0.0
Kepler-1266,0.0,0.0
Kepler-963,0.0,0.0
Kepler-418,0.0,0.0
bet Cnc,366.36719054947287,527.8068009568216
HAT-P-32,0.0,0.0
Kepler-998,0.0,0.0
Kepler-174,0.0,0.0
Kepler-657,0.0,0.0
Kepler-726,0.0,0.0
Kepler-946,0.0,0.0
HD 131496,97.15829825792281,139.97107795873495
HD 22781,3.0666932646007083,4.418030880650484
XO-1,40.75801654234234,58.718026284763546
Kepler-169,0.0,0.0
Kepler-904,0.0,0.0
Kepler-654,0.0,0.0
WASP-6,0.0,0.0
Kepler-754,0.0,0.0
Kepler-1464,0.0,0.0
Kepler-1012,0.0,0.0
Kepler-1313,0.0,0.0
47 UMa,2.1650798351407174,3.1191217201733377
HD 17092,0.0,0.0
KELT-3,0.0,0.0
OGLE 2006-BLG-109L,0.0,0.0
HD 220773,14.50901804503299,20.902413198868466
HAT-P-57,200.19414419254392,288.4096435002326
Kepler-82,0.0,0.0
HAT-P-54,0.0,0.0
WASP-54,73.28851652451318,105.58308290559374
Kepler-1406,0.0,0.0
Kepler-1568,0.0,0.0
Kepler-708,0.0,0.0
WASP-18,28.101838017275117,40.48490587451189
Kepler-1585,0.0,0.0
Kepler-1569,0.0,0.0
Kepler-252,0.0,0.0
HAT-P-27,0.0,0.0
Kepler-282,0.0,0.0
Kepler-719,0.0,0.0
Kepler-920,0.0,0.0
Kepler-21,53.46953203065609,77.03086787720407
Oph 11,0.0,0.0
Kepler-1463,0.0,0.0
Kepler-1225,0.0,0.0
K2-87,0.0,0.0
Kepler-1285,0.0,0.0
Kepler-890,0.0,0.0
K2-13,0.0,0.0
Kepler-379,0.0,0.0
Kepler-1214,0.0,0.0
Kepler-312,0.0,0.0
Kepler-983,0.0,0.0
Kepler-1051,0.0,0.0
Kepler-1427,0.0,0.0
HD 100777,9.630076899695005,13.873567864450575
HD 215497,5.783209431312751,8.331579213265591
Kepler-548,0.0,0.0
Kepler-1262,0.0,0.0
HD 218566,2.843897525917259,4.09706025572919
Kepler-1613,0.0,0.0
Kepler-468,0.0,0.0
NGC 2682 YBP 1194,0.0,0.0
Kepler-761,0.0,0.0
Kepler-1531,0.0,0.0
HD 18742,90.74253102783686,130.72820451169792
Kepler-1078,0.0,0.0
Kepler-1292,0.0,0.0
HD 59686 A,184.06260266700383,265.1697422570898
Kepler-294,0.0,0.0
WASP-49,0.0,0.0
HD 87646,25.066391250610238,36.11189025325697
Kepler-1390,0.0,0.0
Kepler-1536,0.0,0.0
Kepler-184,0.0,0.0
Kepler-1090,0.0,0.0
Kepler-425,183.52318061338528,264.39262401116014
HATS-14,0.0,0.0
Kepler-687,0.0,0.0
WASP-5,88.00372172417192,126.78253957693634
Kepler-1120,0.0,0.0
CoRoT-8,57.6620153189927,83.07076787251512
Kepler-1474,0.0,0.0
Kepler-518,0.0,0.0
HATS-28,147.79801665755997,212.92517553985428
Kepler-1312,0.0,0.0
Kepler-1579,0.0,0.0
Kepler-555,0.0,0.0
Kepler-520,0.0,0.0
Kepler-908,0.0,0.0
Kepler-1299,0.0,0.0
Kepler-1302,0.0,0.0
Kepler-421,62.84048962660039,90.5311355818513
Kepler-501,0.0,0.0
K2-73,0.0,0.0
Kepler-809,0.0,0.0
kap And,139.4887041606218,200.95436658018235
WASP-106,113.2831879208163,163.2013961976283
Kepler-355,0.0,0.0
HD 209458,0.0,0.0
WASP-71,241.13651579525055,347.39326085636134
Kepler-1486,0.0,0.0
Kepler-279,0.0,0.0
HAT-P-51,0.0,0.0
WASP-32,0.0,0.0
Kepler-1058,0.0,0.0
Kepler-12,0.0,0.0
Kepler-76,0.0,0.0
PSR J1719-1438,0.0,0.0
HD 98219,141.86785042544219,204.38188304845528
OGLE 2008-BLG-355L,0.0,0.0
NGC 2682 YBP 401,0.0,0.0
Kepler-258,0.0,0.0
HD 169830,11.552796360425507,16.64353317216159
K2-5,0.0,0.0
Kepler-590,0.0,0.0
Kepler-1453,0.0,0.0
Kepler-479,0.0,0.0
HD 165155,10.064636508818488,14.499616056081805
Kepler-1635,0.0,0.0
HAT-P-14,95.00108023229629,136.86328235246168
HATS-5,52.94130584012305,76.26987894861385
Kepler-1180,0.0,0.0
Kepler-1295,0.0,0.0
Kepler-216,0.0,0.0
Kepler-364,0.0,0.0
Kepler-508,0.0,0.0
Kepler-1378,0.0,0.0
WASP-57,163.31120503539412,235.27424647621456
Kepler-220,0.0,0.0
Kepler-906,0.0,0.0
Kepler-349,0.0,0.0
HD 156279,4.431824638990552,6.384707051957902
Kepler-314,0.0,0.0
Kepler-864,0.0,0.0
HD 196050,11.204066922741774,16.141136195436495
HD 208527,4024.0390932407618,5797.230907994721
HD 216536,0.0,0.0
Kepler-363,0.0,0.0
Kepler-1123,0.0,0.0
K2-18,0.7044969042514393,1.0149332879924593
Kepler-1300,0.0,0.0
HD 136418,61.935001684321115,89.22664460545515
Kepler-1162,0.0,0.0
WASP-94 A,66.63085947886107,95.99173095657478
Kepler-1147,0.0,0.0
Kepler-683,0.0,0.0
HD 154672,16.965282572629228,24.441030073021185
Kepler-1053,0.0,0.0
WASP-78,0.0,0.0
Kepler-1020,0.0,0.0
Kepler-1374,0.0,0.0
Kepler-33,0.0,0.0
K2-15,0.0,0.0
HD 103720,4.08148995222055,5.879997473540247
Kepler-636,0.0,0.0
Kepler-445,1.0605428851323142,1.5278708408350679
Kepler-945,0.0,0.0
HD 187123,10.089078896680835,14.534828976010642
Kepler-26,0.0,0.0
Kepler-45,28.370112267378154,40.87139510547607
HD 178911 B,9.828023044611799,14.158738928359366
Kepler-1360,0.0,0.0
Kepler-1545,0.0,0.0
MOA 2011-BLG-028L,0.0,0.0
HAT-P-23,0.0,0.0
Kepler-1604,0.0,0.0
Kepler-718,0.0,0.0
Kepler-1062,0.0,0.0
Kepler-1203,0.0,0.0
Kepler-505,0.0,0.0
Kepler-986,0.0,0.0
HD 32518,182.7468511616886,263.2742051817501
Kepler-212,0.0,0.0
Kepler-422,0.0,0.0
Kepler-344,0.0,0.0
2MASS J21402931+1625183 A,0.0,0.0
Kepler-477,0.0,0.0
HD 38529,18.107851600745565,26.087071856124016
Kepler-316,0.0,0.0
Kepler-1102,0.0,0.0
Kepler-1341,0.0,0.0
Kepler-40,4306.5115509337475,6204.174783153796
WASP-114,192.01937594087866,276.63266567368737
Kepler-299,0.0,0.0
OGLE 2012-BLG-26L,0.0,0.0
WASP-99,0.0,0.0
Kepler-38,203.91455204893273,293.76944814319245
WASP-73,0.0,0.0
WASP-68,0.0,0.0
Kepler-1273,0.0,0.0
Kepler-1358,0.0,0.0
MOA-bin-1L,0.0,0.0
HD 121504,9.769720287777135,14.074745076383389
HD 65216,4.786116481018305,6.895117505102768
Kepler-982,0.0,0.0
Kepler-288,0.0,0.0
Kepler-912,0.0,0.0
Kepler-49,0.0,0.0
Kepler-721,0.0,0.0
HD 44219,12.097893012258101,17.428826526581616
HD 114729,8.318913833029141,11.98464112209755
Kepler-1433,0.0,0.0
Kepler-346,0.0,0.0
Kepler-543,0.0,0.0
Kepler-188,0.0,0.0
HD 40307,0.7915980998465563,1.1404156035284767
WASP-10,0.0,0.0
omi UMa,114.70720658171382,165.25290832343816
Kepler-616,0.0,0.0
Kepler-296,0.0,0.0
HAT-P-28,118.46889272671945,170.67218052251602
Kepler-1234,0.0,0.0
Kepler-1532,0.0,0.0
Kepler-630,0.0,0.0
bet Pic,7.409465046171773,10.674443955955757
Kepler-1118,0.0,0.0
Kepler-1032,0.0,0.0
Kepler-1566,0.0,0.0
Kepler-1128,0.0,0.0
BD+48 738,0.0,0.0
CoRoT-26,0.0,0.0
HAT-P-52,0.0,0.0
CoRoT-29,0.0,0.0
OGLE 2007-BLG-349L A,0.0,0.0
Kepler-1152,0.0,0.0
Kepler-787,0.0,0.0
Kepler-849,0.0,0.0
HD 102365,0.8755086677864217,1.2613013421351105
alf Ari,24.37227646369363,35.11191395999278
Kepler-559,0.0,0.0
K2-39,0.0,0.0
Kepler-426,292.4424892276301,421.307198582898
HAT-P-65,640.1919728923615,922.2924047968895
GJ 876,0.03389074167287533,0.04882468847056562
HD 4208,4.28640933749225,6.175214534413195
Kepler-53,0.0,0.0
Kepler-896,0.0,0.0
Kepler-957,0.0,0.0
Kepler-384,0.0,0.0
Kepler-978,0.0,0.0
Kepler-161,0.0,0.0
HD 142022 A,6.616371099547809,9.531873361143479
Kepler-338,0.0,0.0
Kepler-745,0.0,0.0
Kepler-99,0.0,0.0
GJ 676 A,0.8551300857860643,1.2319429430996693
HD 85390,3.9875112915397057,5.744607139657539
Kepler-334,0.0,0.0
Kepler-552,0.0,0.0
HD 80606,1.858629193713361,2.6776336806456893
K2-65,0.0,0.0
Kepler-863,0.0,0.0
HD 224538,24.680032347417743,35.555282396507096
Kepler-397,0.0,0.0
Kepler-262,0.0,0.0
HD 206610,176.90034562628747,254.85143845204288
Kepler-382,0.0,0.0
TrES-1,27.501340204077188,39.619798850899286
Kepler-19,0.0,0.0
Kepler-1255,0.0,0.0
Kepler-1050,0.0,0.0
HAT-P-30,0.0,0.0
Kepler-829,0.0,0.0
Kepler-517,0.0,0.0
Kepler-1452,0.0,0.0
Kepler-134,0.0,0.0
Kepler-715,0.0,0.0
HD 1461,3.640512521455626,5.244703448774777
Kepler-855,0.0,0.0
Kepler-1109,0.0,0.0
Kepler-1626,0.0,0.0
Kepler-1583,0.0,0.0
Kepler-690,0.0,0.0
XO-4,157.06925124482325,226.2817773171165
Kepler-668,0.0,0.0
Kepler-999,0.0,0.0
Kepler-350,0.0,0.0
Kepler-398,0.0,0.0
KOI-217,0.0,0.0
Kepler-1347,0.0,0.0
Kepler-151,0.0,0.0
Kepler-959,0.0,0.0
HD 37124,4.6181978463475675,6.653205566280749
Kepler-613,0.0,0.0
HD 33564,4.7674721793612544,6.868257596607896
GJ 581,0.05552581209669814,0.07999324723737875
HD 23127,30.256211166230457,43.58860300992402
Kepler-1137,0.0,0.0
Kepler-260,0.0,0.0
HD 132563,28.535017135296638,41.10896526198414
Kepler-195,0.0,0.0
Kepler-1379,0.0,0.0
Kepler-1638,0.0,0.0
Kepler-281,0.0,0.0
Kepler-917,0.0,0.0
Kepler-1397,0.0,0.0
Pr0201,0.0,0.0
Kepler-1485,0.0,0.0
Kepler-1616,0.0,0.0
Kepler-234,0.0,0.0
Kepler-1307,0.0,0.0
HD 114386,2.33534273466023,3.3644109235603734
HD 168443,8.948326722758107,12.89140464344506
Kepler-167,59.59519139508321,85.85579750051564
K2-42,0.0,0.0
Kepler-118,0.0,0.0
Kepler-41,284.5175624290604,409.8901547829422
Kepler-1618,0.0,0.0
Kepler-693,0.0,0.0
K2-24,48.441278369691084,69.78691550468673
PSR B1257+12,0.0,0.0
Kepler-1294,0.0,0.0
HR 810,2.9238213273083873,4.2122024601096975
Kepler-107,0.0,0.0
Kepler-1253,0.0,0.0
Kepler-1479,0.0,0.0
Kepler-915,0.0,0.0
Kepler-968,0.0,0.0
Kepler-1071,0.0,0.0
HD 147873,57.81120550835445,83.28569868131125
Kepler-695,0.0,0.0
Kepler-1367,0.0,0.0
OGLE-2014-BLG-1760,0.0,0.0
Kepler-1114,0.0,0.0
Kepler-235,0.0,0.0
Kepler-270,0.0,0.0
WASP-21,74.75776183160197,107.69975078786864
Kepler-1497,0.0,0.0
Kepler-1076,0.0,0.0
Kepler-1014,0.0,0.0
Kepler-880,0.0,0.0
Kepler-1080,0.0,0.0
Kepler-56,0.0,0.0
HD 38801,44.26604060802384,63.771860273036225
HD 95089,130.5167324228322,188.02889775177675
Kepler-1246,0.0,0.0
Kepler-343,0.0,0.0
Kepler-1248,0.0,0.0
BD-11 4672,1.2291510786827675,1.770776192483788
HD 102272,139.2527438926973,200.61443047951963
Kepler-645,0.0,0.0
Kepler-1512,0.0,0.0
HD 196067,18.581783878074482,26.769842272306732
Kepler-991,0.0,0.0
WASP-76,34.53109157502338,49.747208396105016
Kepler-926,0.0,0.0
Kepler-631,0.0,0.0
Kepler-1226,0.0,0.0
Kepler-1359,0.0,0.0
HAT-P-8,0.0,0.0
Kepler-1469,0.0,0.0
Lupus-TR-3,0.0,0.0
HD 20868,4.858430124045772,6.999296136749935
Kepler-1342,0.0,0.0
Kepler-1480,0.0,0.0
HIP 105854,123.2119500280257,177.5052648311921
K2-70,0.0,0.0
Kepler-191,0.0,0.0
HD 220689,9.138589045513674,13.165506010889068
HD 171238,6.824076972134216,9.831104774265807
Kepler-1191,0.0,0.0
Kepler-1633,0.0,0.0
Kepler-133,0.0,0.0
Kepler-918,0.0,0.0
Kepler-1159,0.0,0.0
Kepler-600,0.0,0.0
Kepler-1092,0.0,0.0
Kepler-535,0.0,0.0
Kepler-554,0.0,0.0
Kepler-820,0.0,0.0
HD 129445,14.357355880939458,20.683921140296462
Kepler-1478,0.0,0.0
WASP-43,0.0,0.0
XO-2 S,0.0,0.0
WASP-75,83.44497626040825,120.21498407067817
GJ 1214,0.0,0.0
WASP-11,0.0,0.0
Kepler-474,0.0,0.0
HD 60532,9.851967265347666,14.193234163942682
Kepler-939,0.0,0.0
Kepler-784,0.0,0.0
Kepler-1598,0.0,0.0
Kepler-1408,0.0,0.0
NGC 4349 127,0.0,0.0
Kepler-1376,0.0,0.0
Kepler-1455,0.0,0.0
Kepler-935,0.0,0.0
Kepler-1527,0.0,0.0
Kepler-435,0.0,0.0
Kepler-209,0.0,0.0
Kepler-621,0.0,0.0
Kepler-866,0.0,0.0
HD 66428,11.40719217391701,16.433768537474435
Kepler-1286,0.0,0.0
Kepler-1265,0.0,0.0
Kepler-1411,0.0,0.0
Kepler-995,0.0,0.0
Kepler-1121,0.0,0.0
Kepler-193,0.0,0.0
2MASS J12073346-3932539,0.08904820217249867,0.12828727007222573
K2-38,0.0,0.0
Kepler-136,0.0,0.0
Kepler-1107,0.0,0.0
Kepler-66,446.81474564536916,643.7035509804265
75 Cet,107.47849703161134,154.83886972745094
Kepler-1154,0.0,0.0
K2-19,59.43494040774053,85.62493195588907
Kepler-551,0.0,0.0
Kepler-1135,0.0,0.0
HD 212301,11.558818772959556,16.652209359264678
K2-36,0.0,0.0
Kepler-1567,0.0,0.0
Kepler-941,0.0,0.0
Kepler-953,0.0,0.0
HD 210702,0.0,0.0
KIC 7917485,0.0,0.0
Kepler-236,0.0,0.0
Kepler-1068,0.0,0.0
HD 104067,1.7007192508170206,2.4501407611121726
TrES-5,0.0,0.0
Kepler-1576,0.0,0.0
Kepler-305,0.0,0.0
Kepler-618,0.0,0.0
WASP-120,339.3530520888499,488.8888891751423
11 Com,345.7956048608317,498.1703512063775
Kepler-119,0.0,0.0
Kepler-154,0.0,0.0
Kepler-475,0.0,0.0
Kepler-1229,0.0,0.0
Kepler-37,0.0,0.0
HD 97658,1.983470004521315,2.857485563349974
KIC 10525077,0.0,0.0
Kepler-140,0.0,0.0
Kepler-300,0.0,0.0
Kepler-1504,0.0,0.0
K2-68,0.0,0.0
Kepler-1311,0.0,0.0
Kepler-1242,0.0,0.0
Kepler-1296,0.0,0.0
Kepler-949,0.0,0.0
HD 89744,14.800630296332864,21.322524315389472
Kepler-1274,0.0,0.0
Kepler-179,0.0,0.0
Kepler-1084,0.0,0.0
Kepler-919,0.0,0.0
Kepler-1423,0.0,0.0
V0391 Peg,2243.603351200895,3232.246603843856
Kepler-200,0.0,0.0
Kepler-400,0.0,0.0
HD 220842,15.412926989239477,22.204629392088037
Kepler-830,0.0,0.0
HD 16417,6.0948695540634015,8.780572290751929
Kepler-810,0.0,0.0
Kepler-615,0.0,0.0
Kepler-1377,0.0,0.0
Kepler-723,0.0,0.0
Kepler-1375,0.0,0.0
Kepler-1621,0.0,0.0
HD 72892,16.678606275742432,24.02802993798443
Kepler-20,0.0,0.0
MOA 2008-BLG-379L,0.0,0.0
WASP-45,0.0,0.0
GJ 667 C,0.0782782623764011,0.11277155901264543
HD 109749,13.714006585523535,19.757080139599786
HD 93083,3.0518287467246727,4.396616316709458
HD 148156,13.619257446716183,19.620579816597832
HD 141937,5.768584517182318,8.310509834400431
Kepler-692,0.0,0.0
Kepler-713,0.0,0.0
Kepler-1213,0.0,0.0
WASP-124,151.86450972896944,218.7835677608244
Kepler-1054,0.0,0.0
Kepler-1389,0.0,0.0
Kepler-1241,0.0,0.0
Kepler-1210,0.0,0.0
Kepler-549,0.0,0.0
Kepler-42,0.2829815782829522,0.40767733960901287
ROXs 42 B,0.0,0.0
K2-83,0.0,0.0
Kepler-1108,0.0,0.0
Kepler-897,0.0,0.0
Kepler-1086,0.0,0.0
Kepler-1587,0.0,0.0
Kepler-23,0.0,0.0
Kepler-1132,0.0,0.0
Kepler-984,0.0,0.0
Kepler-837,0.0,0.0
BD-06 1339,0.694126107628204,0.9999926024445147
HD 13189,942.5416262635181,1357.8723569124015
Kepler-471,0.0,0.0
HAT-P-42,0.0,0.0
Kepler-1488,0.0,0.0
BD+14 4559,5.852499562819494,8.431402023800567
Kepler-1481,0.0,0.0
Kepler-1501,0.0,0.0
Kepler-1503,0.0,0.0
HD 170469,17.09220506543571,24.623880930373293
Kepler-547,0.0,0.0
Kepler-1268,0.0,0.0
Kepler-1398,0.0,0.0
GJ 536,0.24115660786371707,0.34742220648974625
HD 171028,34.55637949626657,49.783639433486385
Kepler-44,3046.5201828759587,4388.968535535432
Kepler-1356,0.0,0.0
Kepler-159,0.0,0.0
Kepler-1421,0.0,0.0
Kepler-1099,0.0,0.0
Kepler-1445,0.0,0.0
55 Cnc,1.0885398518090899,1.5682046638392548
Kepler-1169,0.0,0.0
HD 108341,6.436784784396358,9.273152381370286
POTS-1,191.77650525119813,276.2827740756591
HIP 116454,5.671285590312633,8.170336159867515
Kepler-14,0.0,0.0
Kepler-307,0.0,0.0
K2-79,0.0,0.0
Kepler-779,0.0,0.0
KELT-10,54.87881401473408,79.06114961325883
K2-75,0.0,0.0
K2-12,0.0,0.0
K2-8,0.0,0.0
Kepler-1104,0.0,0.0
Kepler-423,268.4665731563646,386.7663011226079
Kepler-1466,0.0,0.0
K2-81,0.0,0.0
Kepler-1186,0.0,0.0
nu Oph,91.08693803809756,131.22437438444274
Kepler-780,0.0,0.0
Kepler-828,0.0,0.0
Kepler-1243,0.0,0.0
WASP-135,56.04037581717933,80.73455333192365
HD 95086,53.18905465539417,76.62679821704774
WASP-3,0.0,0.0
Kepler-1110,0.0,0.0
Kepler-341,0.0,0.0
Kepler-1190,0.0,0.0
Kepler-914,0.0,0.0
Kepler-1009,0.0,0.0
Kepler-1245,0.0,0.0
WASP-28,182.3373858696086,262.6843091116586
Kepler-827,0.0,0.0
Kepler-1228,0.0,0.0
Kepler-285,0.0,0.0
HD 179079,18.39696274200017,26.503579749087105
NGC 2682 Sand 364,0.0,0.0
Kepler-736,0.0,0.0
HD 214823,46.41551812897628,66.86850452319679
HD 164509,10.658638804136764,15.355365313494124
Kepler-1557,0.0,0.0
Kepler-1493,0.0,0.0
Kepler-970,0.0,0.0
HD 156411,21.147950275216573,30.46678924719028
Kepler-1223,0.0,0.0
Kepler-1124,0.0,0.0
HD 1666,52.82256290733105,76.09881197234019
WASP-56,88.1418394371722,126.98151882544605
Kepler-1471,0.0,0.0
WASP-29,0.0,0.0
Kepler-1288,0.0,0.0
Kepler-207,0.0,0.0
HD 180902,92.49749540693603,133.256493503232
K2-54,0.0,0.0
Kepler-606,0.0,0.0
WASP-84,27.73526384883672,39.956800890911424
Kepler-792,0.0,0.0
Kepler-1308,0.0,0.0
HAT-P-6,0.0,0.0
Kepler-1625,0.0,0.0
Kepler-629,0.0,0.0
OGLE-TR-211,0.0,0.0
Kepler-1208,0.0,0.0
Kepler-504,0.0,0.0
Kepler-1106,0.0,0.0
HD 41004 A,6.495552709250085,9.357816377535983
HD 212771,96.40485809594769,138.8856345788077
Kepler-177,0.0,0.0
Kepler-183,0.0,0.0
Kepler-515,0.0,0.0
HD 10697,8.496319838846663,12.240221039776966
HD 63454,3.0525758063566606,4.397692567980463
HD 7199,5.695063903742889,8.204592381132713
Kepler-597,0.0,0.0
Kepler-660,0.0,0.0
WASP-93,95.09977343728114,137.0054646934107
Kepler-91,1655.894431362789,2385.56389623483
Kepler-989,0.0,0.0
Kepler-409,0.0,0.0
Kepler-336,0.0,0.0
Kepler-777,0.0,0.0
CoRoT-20,764.6945813815391,1101.6570564156561
HD 106515 A,5.009424479863046,7.216826117496641
Kepler-1450,0.0,0.0
WASP-95,0.0,0.0
HD 10647,2.513686257450471,3.621341474830837
Kepler-57,0.0,0.0
HD 156668,1.8917056500664715,2.725285269175055
Kepler-704,0.0,0.0
OGLE-2012-BLG-0950L,0.0,0.0
Kepler-158,0.0,0.0
Kepler-567,0.0,0.0
Kepler-180,0.0,0.0
Kepler-298,0.0,0.0
Kepler-449,0.0,0.0
HAT-P-33,0.0,0.0
Kepler-1016,0.0,0.0
Kepler-6,0.0,0.0
Kepler-969,0.0,0.0
K2-91,0.0,0.0
Kepler-92,0.0,0.0
K2-22,20.769161654661144,29.92108751621825
Kepler-453,0.0,0.0
HD 81688,126.59179800514791,182.37444196970654
CoRoT-13,455.97680537014645,656.9028700194958
K2-78,0.0,0.0
Kepler-178,0.0,0.0
Kepler-131,0.0,0.0
Kepler-1350,0.0,0.0
Kepler-1320,0.0,0.0
Qatar-1,0.0,0.0
Kepler-322,0.0,0.0
Kepler-856,0.0,0.0
Kepler-1495,0.0,0.0
Kepler-1027,0.0,0.0
OGLE 2008-BLG-92L,0.0,0.0
14 Her,2.2771368173334356,3.280556583397061
Kepler-1077,0.0,0.0
HD 99706,123.90129347140368,178.49836728958695
eps Tau,85.91710898043084,123.7764614522605
Kepler-408,0.0,0.0
Kepler-639,0.0,0.0
Kepler-676,0.0,0.0
CoRoT-3,0.0,0.0
Kepler-1116,0.0,0.0
Kepler-1562,0.0,0.0
Kepler-1293,0.0,0.0
HATS-13,0.0,0.0
Kepler-1283,0.0,0.0
Kepler-1522,0.0,0.0
Kepler-598,0.0,0.0
K2-25,0.4641056572619871,0.6686136984538037
Kepler-203,0.0,0.0
Kepler-223,0.0,0.0
Kepler-835,0.0,0.0
Kepler-783,0.0,0.0
HD 82943,5.098576791654675,7.3452633730654915
Kepler-1413,0.0,0.0
Kepler-492,0.0,0.0
HD 66141,193.86299504418272,279.28867507135857
Kepler-218,0.0,0.0
Kepler-432,0.0,0.0
Kepler-766,0.0,0.0
HD 89307,5.358303262049473,7.719438247341996
Kepler-1306,0.0,0.0
Kepler-1387,0.0,0.0
Kepler-710,0.0,0.0
Kepler-1096,0.0,0.0
OGLE 2005-BLG-390L,0.0,0.0
Kepler-650,0.0,0.0
GJ 3634,0.4172539936567888,0.6011168610599388
Kepler-1498,0.0,0.0
Kepler-1188,0.0,0.0
Kepler-138,0.0,0.0
Kepler-194,0.0,0.0
HD 95127,903.3447675682262,1301.4034122875007
HD 45350,10.339937970003092,14.896229036923938
Kepler-104,0.0,0.0
CoRoT-19,313.11875339027443,451.0944533505976
Kepler-626,0.0,0.0
K2-77,0.0,0.0
Kepler-206,0.0,0.0
HAT-P-44,0.0,0.0
HATS-6,9.74159107546425,14.034220733736788
Kepler-1082,0.0,0.0
Kepler-1083,0.0,0.0
Kepler-954,0.0,0.0
Kepler-1388,0.0,0.0
Kepler-858,0.0,0.0
Kepler-103,0.0,0.0
OGLE 2007-BLG-368L,0.0,0.0
HD 13931,9.987811889340534,14.38893868734535
Kepler-1065,0.0,0.0
Kepler-1321,0.0,0.0
KOI-55,1318.2211698944543,1899.094996994817
Kepler-934,0.0,0.0
Kepler-197,0.0,0.0
Kepler-85,0.0,0.0
Kepler-242,0.0,0.0
Kepler-1174,0.0,0.0
WASP-92,193.90793033731165,279.35341109010756
Kepler-972,0.0,0.0
HD 11506,13.937226112701923,20.078661295309768
KOI-12,0.0,0.0
Kepler-94,0.0,0.0
Kepler-483,0.0,0.0
Kepler-1419,0.0,0.0
HD 197037,6.752448739017061,9.727913578233613
Kepler-1040,0.0,0.0
WASP-60,180.37781073174588,259.861247681953
Kepler-1157,0.0,0.0
Kepler-495,0.0,0.0
ups And,2.698879874782086,3.888140613080151
Kepler-1087,0.0,0.0
WASP-101,0.0,0.0
HD 100655,228.2517199406377,328.8307829477764
HD 28254,14.648132976356086,21.102829089704237
Kepler-121,0.0,0.0
Kepler-186,17.507052787621895,25.221531197044065
HD 147018,6.323943987320568,9.110588315432326
Kepler-1346,0.0,0.0
Kepler-1623,0.0,0.0
Kepler-374,0.0,0.0
Kepler-1432,0.0,0.0
Kepler-105,0.0,0.0
Kepler-936,0.0,0.0
HAT-P-21,79.62562082165846,114.71263061806641
Kepler-833,0.0,0.0
HIP 65407,8.186562564136926,11.793969299842377
Kepler-1324,0.0,0.0
Kepler-124,0.0,0.0
HD 114613,5.625580771201346,8.104491523705475
Kepler-1514,0.0,0.0
Kepler-1602,0.0,0.0
Kepler-781,0.0,0.0
HD 188015,10.4041082885512,14.988675990207227
Kepler-1177,0.0,0.0
Kepler-192,0.0,0.0
Kepler-589,0.0,0.0
Kepler-406,0.0,0.0
Kepler-940,0.0,0.0
ROXs 12,4.888890466704647,7.0431788217434175
Kepler-992,0.0,0.0
HATS-15,191.05562802025636,275.24424247413845
Kepler-352,0.0,0.0
HD 150706,3.990596994330091,5.749052556606732
Kepler-284,0.0,0.0
WASP-23,0.0,0.0
HD 185269,0.0,0.0
Kepler-1416,0.0,0.0
WASP-59,10.21015421437707,14.709256102010208
Kepler-413,0.0,0.0
V830 Tau,0.0,0.0
HD 190360,2.091262476454634,3.0127767609406337
Kepler-1645,0.0,0.0
GJ 3341,0.0,0.0
Kepler-1499,0.0,0.0
CoRoT-22,197.4354797219842,284.4353742242758
Kepler-1496,0.0,0.0
Kepler-1403,0.0,0.0
Kepler-1057,0.0,0.0
Kepler-1035,0.0,0.0
Kepler-727,0.0,0.0
HD 155233,54.4927230849726,78.50492781236498
Kepler-141,0.0,0.0
Kepler-1134,0.0,0.0
Kepler-638,0.0,0.0
Kepler-789,0.0,0.0
HD 86264,28.436109487121826,40.96647398350745
HATS-8,0.0,0.0
Kepler-345,0.0,0.0
DENIS-P J082303.1-491201,0.0,0.0
Kepler-702,0.0,0.0
Kepler-699,0.0,0.0
Kepler-1533,0.0,0.0
Kepler-289,0.0,0.0
HD 85512,0.45515368408937296,0.6557170405532903
Kepler-1634,0.0,0.0
HATS-1,0.0,0.0
Kepler-228,0.0,0.0
Kepler-1628,0.0,0.0
Kepler-267,0.0,0.0
HIP 79431,0.28449836664550265,0.4098625003821858
Kepler-1291,0.0,0.0
Kepler-256,0.0,0.0
Kepler-465,0.0,0.0
Kepler-414,0.0,0.0
Kepler-36,0.0,0.0
Kepler-732,0.0,0.0
K2-4,0.0,0.0
Kepler-1042,0.0,0.0
HD 118203,45.13482513793232,65.02347448762798
Kepler-1460,0.0,0.0
Kepler-1441,0.0,0.0
Kepler-544,0.0,0.0
K2-90,0.0,0.0
Kepler-1646,0.0,0.0
K2-43,0.0,0.0
Kepler-1261,0.0,0.0
HD 164604,2.8338592080895135,4.0825985556743785
Kepler-1399,0.0,0.0
HAT-P-18,21.923321502955293,31.5838276114962
WASP-100,0.0,0.0
Kepler-1103,0.0,0.0
HD 4308,2.971115164421789,4.280336314656988
KELT-7,63.46451548163304,91.43013827301793
Kepler-1212,0.0,0.0
Kepler-648,0.0,0.0
HD 113538,0.5440485706679236,0.7837834365536397
Kepler-231,0.0,0.0
BD+20 594,32.93493143817307,47.4477006962418
Kepler-1446,0.0,0.0
HD 81040,4.363179755703391,6.285813818108245
K2-95,11.711513982228912,16.87218967410951
Kepler-671,0.0,0.0
Kepler-347,0.0,0.0
Kepler-923,0.0,0.0
Kepler-462,0.0,0.0
Kepler-797,0.0,0.0
BD-10 3166,14.019909140955706,20.197778579176266
WASP-1,201.36581251669898,290.09760717685776
Kepler-1211,0.0,0.0
WASP-41,0.0,0.0
GJ 179,0.1304894933999431,0.1879896558602997
Kepler-1331,0.0,0.0
HATS-25,168.07541743621346,242.13780787368557
Kepler-391,0.0,0.0
HAT-P-24,185.5806859656666,267.3567685796474
HD 290327,8.719523955341106,12.561779994089
Kepler-1272,0.0,0.0
Kepler-570,0.0,0.0
HD 207832,9.04632712875141,13.032588903701056
Kepler-1233,0.0,0.0
Kepler-268,0.0,0.0
Kepler-97,0.0,0.0
Kepler-417,0.0,0.0
WASP-13,0.0,0.0
Kepler-1061,0.0,0.0
HD 46375,5.095347650051851,7.34061131102722
HD 24064,1019.0175704357571,1468.047406657341
HD 133131 B,7.35980260028553,10.602897765775364
HD 192263,1.632810021725466,2.352307347294466
HD 4313,103.42862975215932,149.00442944948443
HD 216770,6.26045343251064,9.019120663607545
Kepler-430,0.0,0.0
Kepler-865,0.0,0.0
HD 175167,20.21667114730518,29.12514220569737
Kepler-1570,0.0,0.0
Kepler-899,0.0,0.0
SWEEPS-11,0.0,0.0
Kepler-1164,0.0,0.0
Kepler-532,0.0,0.0
Kepler-641,0.0,0.0
Kepler-240,0.0,0.0
Kepler-98,0.0,0.0
Kepler-884,0.0,0.0
Kepler-1391,0.0,0.0
Kepler-1546,0.0,0.0
Kepler-1046,0.0,0.0
Kepler-175,0.0,0.0
WASP-129,55.72500297771726,80.28021153004042
Kepler-1189,0.0,0.0
Kepler-550,0.0,0.0
Kepler-330,0.0,0.0
Kepler-308,0.0,0.0
Kepler-1401,0.0,0.0
Kepler-1232,0.0,0.0
Kepler-1552,0.0,0.0
Kepler-531,0.0,0.0
Kepler-961,0.0,0.0
Kepler-1045,0.0,0.0
Kepler-150,0.0,0.0
Kepler-872,0.0,0.0
Kepler-1439,0.0,0.0
Kepler-730,0.0,0.0
Kepler-771,0.0,0.0
WASP-14,0.0,0.0
Kepler-656,0.0,0.0
Kepler-1409,0.0,0.0
HD 177830,26.507230442986565,38.18763487351294
K2-84,0.0,0.0
Kepler-1424,0.0,0.0
Kepler-61,0.0,0.0
Kepler-1237,0.0,0.0
HD 16141,8.236342019147468,11.865684059188276
Kepler-1160,0.0,0.0
Kepler-204,0.0,0.0
Kepler-1429,0.0,0.0
Kepler-815,0.0,0.0
Kepler-510,0.0,0.0
Kepler-1459,0.0,0.0
HD 143105,15.360225605889973,22.128705157415215
Kepler-1366,0.0,0.0
HD 208487,9.788320889531445,14.101542028624362
Kepler-674,0.0,0.0
HD 7449,7.166319247584835,10.324156022350703
Kepler-137,0.0,0.0
Kepler-558,0.0,0.0
FU Tau,0.0,0.0
HAT-P-31,0.0,0.0
Kepler-101,0.0,0.0
Kepler-1039,0.0,0.0
Kepler-170,0.0,0.0
K2-88,0.0,0.0
WASP-58,118.16831398094513,170.23915182798464
HD 96127,494.2727292186975,712.073883083943
Kepler-1647,0.0,0.0
Kepler-411,0.0,0.0
Kepler-595,0.0,0.0
30 Ari B,0.0,0.0
Kepler-812,0.0,0.0
Kepler-762,0.0,0.0
Kepler-1036,0.0,0.0
Kepler-35,0.0,0.0
Kepler-241,0.0,0.0
K2-10,0.0,0.0
4 UMa,161.3263637424908,232.4147853666018
HIP 109384,6.3626102580743735,9.166292868672718
Kepler-586,0.0,0.0
Kepler-135,0.0,0.0
HD 45364,4.487631291268784,6.465104891532202
Kepler-1380,0.0,0.0
WASP-118,92.93503830737599,133.8868395727483
WASP-19,50.603374900378206,72.90173932804903
HATS-18,227.28400902066676,327.43665045421216
HAT-P-7,0.0,0.0
K2-29,26.05399884193277,37.534686881401626
Pr0211,0.0,0.0
Kepler-1073,0.0,0.0
Kepler-1624,0.0,0.0
HD 110014,223.11472561890983,321.4301733696695
18 Del,0.0,0.0
Kepler-168,0.0,0.0
K2-17,0.0,0.0
KELT-6,93.28159133178133,134.38610110023106
HD 216435,9.999438553729792,14.405688638474677
Kepler-361,0.0,0.0
Kepler-1072,0.0,0.0
Kepler-1008,0.0,0.0
Kepler-55,0.0,0.0
Kepler-274,0.0,0.0
Kepler-689,0.0,0.0
Kepler-1382,0.0,0.0
Kepler-306,0.0,0.0
Kepler-930,0.0,0.0
Kepler-819,0.0,0.0
Kepler-895,0.0,0.0
Kepler-1440,0.0,0.0
Kepler-649,0.0,0.0
Kepler-568,0.0,0.0
HATS-4,111.98846082044234,161.33614792598155
Kepler-990,0.0,0.0
Kepler-83,0.0,0.0
Kepler-798,0.0,0.0
Kepler-610,0.0,0.0
Kepler-869,0.0,0.0
WASP-17,0.0,0.0
Kepler-1281,0.0,0.0
HD 43691,42.60556079935906,61.37969045414408
Kepler-1518,0.0,0.0
GJ 849,0.13123672099280803,0.18906614910410027
Kepler-478,0.0,0.0
Kepler-1494,0.0,0.0
Kepler-1178,0.0,0.0
Kepler-291,0.0,0.0
Kepler-545,0.0,0.0
K2-58,0.0,0.0
Kepler-805,0.0,0.0
Kepler-1448,0.0,0.0
HIP 63242,214.85294784104948,309.5278452910863
Kepler-1172,0.0,0.0
HD 240210,0.0,0.0
HIP 67851,0.0,0.0
Kepler-1195,0.0,0.0
Kepler-1524,0.0,0.0
K2-30,41.91212475125981,60.38069198578648
HN Peg,2.645608657184191,3.8113954468406455
Kepler-816,0.0,0.0
K2-67,0.0,0.0
GJ 328,1.0566951499840533,1.522327602161084
Kepler-624,0.0,0.0
HD 70642,4.204400676355386,6.0570687773641465
Kepler-1529,0.0,0.0
Kepler-874,0.0,0.0
OGLE 2011-BLG-265L,0.0,0.0
Kepler-147,0.0,0.0
Kepler-171,0.0,0.0
HD 219077,7.093936125138437,10.219877295196122
HD 63765,3.6715053181742987,5.289353213575642
HD 75289,6.250910570152372,9.005372741350275
WASP-33,64.13792779310371,92.40028955023574
HD 47536,338.43860748632875,487.5714947884205
Kepler-32,27.80042081835018,40.05066926265989
Kepler-393,0.0,0.0
HD 148427,30.478286377152116,43.908535606706444
Kepler-1643,0.0,0.0
WASP-35,0.0,0.0
Kepler-1115,0.0,0.0
Kepler-1521,0.0,0.0
Kepler-700,0.0,0.0
Kepler-1089,0.0,0.0
Kepler-557,0.0,0.0
Kepler-1577,0.0,0.0
HD 90156,2.5813303155688585,3.7187928701527175
CoRoT-23,93.6802885244207,134.96048411057063
Kepler-84,0.0,0.0
CoRoT-9,124.149522610345,178.85597853619555
Kepler-879,0.0,0.0
Kepler-808,0.0,0.0
Kepler-889,0.0,0.0
Kepler-1515,0.0,0.0
Kepler-313,0.0,0.0
Kepler-612,0.0,0.0
Kepler-893,0.0,0.0
Kepler-1336,0.0,0.0
Kepler-79,0.0,0.0
HAT-P-56,161.17677652645617,232.1992825814292
HD 149026,27.440542484034207,39.5322106308045
Kepler-563,0.0,0.0
Kepler-1641,0.0,0.0
Kepler-93,0.0,0.0
Kepler-768,0.0,0.0
WASP-82,84.92507341480665,122.34728566405141
Kepler-707,0.0,0.0
OGLE-TR-10,0.0,0.0
HD 175541,87.74593559438593,126.41116005387009
HD 83443,6.75723339912959,9.734806597621818
K2-35,0.0,0.0
Kepler-1206,0.0,0.0
Kepler-219,0.0,0.0
Kepler-22,41.20430911459899,59.3609775667828
Kepler-891,0.0,0.0
Kepler-696,0.0,0.0
Kepler-125,0.0,0.0
HD 221287,11.411526942766228,16.440013421127258
Kepler-1244,0.0,0.0
Kepler-129,0.0,0.0
Kepler-410 A,0.0,0.0
Kepler-1192,0.0,0.0
Kepler-243,0.0,0.0
Kepler-202,0.0,0.0
WASP-98,0.0,0.0
Kepler-526,0.0,0.0
Kepler-625,0.0,0.0
Kepler-922,0.0,0.0
Kepler-1484,0.0,0.0
Kepler-369,0.0,0.0
Kepler-328,0.0,0.0
HAT-P-43,0.0,0.0
HAT-P-13,87.5577473016757,126.14004663728947
HD 117618,8.035832977578355,11.576820758861656
HAT-P-11,3.3412173211089136,4.813523893641011
Kepler-1473,0.0,0.0
Kepler-1615,0.0,0.0
HD 142245,83.5095519789567,120.30801506337002
Kepler-506,0.0,0.0
Kepler-1161,0.0,0.0
Kepler-372,0.0,0.0
Kepler-470,0.0,0.0
HD 25171,13.151119193130938,18.946156559264757
Kepler-96,0.0,0.0
Kepler-682,0.0,0.0
Kepler-1607,0.0,0.0
Kepler-709,0.0,0.0
HAT-P-53,0.0,0.0
Kepler-1173,0.0,0.0
Kepler-230,0.0,0.0
Kepler-790,0.0,0.0
KELT-17,148.12422638273463,213.39512949841486
GJ 15 A,0.04756463410172207,0.06852397816043407
Kepler-233,0.0,0.0
Kepler-467,0.0,0.0
Kepler-1117,0.0,0.0
Kepler-1520,0.0,0.0
K2-34,187.6565604410592,270.3473766207267
Kepler-806,0.0,0.0
Kepler-1456,0.0,0.0
HD 4113,8.125384415680973,11.70583301565009
HIP 5158,0.0,0.0
KOI-142,80.30057808966414,115.68500763652797
MOA 2007-BLG-400L,0.0,0.0
Kepler-292,0.0,0.0
Kepler-1001,0.0,0.0
Kepler-496,0.0,0.0
Kepler-851,0.0,0.0
Kepler-686,0.0,0.0
Kepler-1396,0.0,0.0
Kepler-331,0.0,0.0
TYC 3667-1280-1,0.0,0.0
Kepler-1026,0.0,0.0
Kepler-1392,0.0,0.0
Kepler-247,0.0,0.0
BD+15 2940,137.66250516827952,198.32345346098862
PH1,652.9408547327032,940.6590782149848
